examLevelId,word,type
HSK1,爱,1
HSK1,八,1
HSK1,爸,1
HSK1,吧,1
HSK1,白,1
HSK1,百,1
HSK1,班,1
HSK1,半,1
HSK1,包,1
HSK1,杯,1
HSK1,本,1
HSK1,边,1
HSK1,便,1
HSK1,病,1
HSK1,不,1
HSK1,菜,1
HSK1,茶,1
HSK1,常,1
HSK1,唱,1
HSK1,超,1
HSK1,车,1
HSK1,吃,1
HSK1,出,1
HSK1,穿,1
HSK1,床,1
HSK1,打,1
HSK1,大,1
HSK1,蛋,1
HSK1,到,1
HSK1,道,1
HSK1,得,1
HSK1,的,1
HSK1,弟,1
HSK1,第,1
HSK1,点,1
HSK1,电,1
HSK1,东,1
HSK1,都,1
HSK1,读,1
HSK1,对,1
HSK1,多,1
HSK1,儿,1
HSK1,二,1
HSK1,饭,1
HSK1,房,1
HSK1,飞,1
HSK1,非,1
HSK1,分,1
HSK1,服,1
HSK1,高,1
HSK1,哥,1
HSK1,歌,1
HSK1,个,1
HSK1,给,1
HSK1,工,1
HSK1,公,1
HSK1,狗,1
HSK1,关,1
HSK1,贵,1
HSK1,国,1
HSK1,果,1
HSK1,还,1
HSK1,孩,1
HSK1,汉,1
HSK1,好,1
HSK1,号,1
HSK1,喝,1
HSK1,和,1
HSK1,很,1
HSK1,后,1
HSK1,候,1
HSK1,话,1
HSK1,欢,1
HSK1,回,1
HSK1,会,1
HSK1,火,1
HSK1,机,1
HSK1,鸡,1
HSK1,几,1
HSK1,家,1
HSK1,间,1
HSK1,见,1
HSK1,件,1
HSK1,叫,1
HSK1,姐,1
HSK1,今,1
HSK1,九,1
HSK1,觉,1
HSK1,开,1
HSK1,看,1
HSK1,可,1
HSK1,客,1
HSK1,课,1
HSK1,口,1
HSK1,块,1
HSK1,来,1
HSK1,老,1
HSK1,了,1
HSK1,冷,1
HSK1,里,1
HSK1,两,1
HSK1,亮,1
HSK1,零,1
HSK1,六,1
HSK1,妈,1
HSK1,吗,1
HSK1,买,1
HSK1,卖,1
HSK1,忙,1
HSK1,猫,1
HSK1,么,1
HSK1,没,1
HSK1,妹,1
HSK1,们,1
HSK1,米,1
HSK1,面,1
HSK1,名,1
HSK1,明,1
HSK1,哪,1
HSK1,那,1
HSK1,奶,1
HSK1,男,1
HSK1,脑,1
HSK1,呢,1
HSK1,能,1
HSK1,你,1
HSK1,年,1
HSK1,您,1
HSK1,牛,1
HSK1,女,1
HSK1,朋,1
HSK1,漂,1
HSK1,苹,1
HSK1,七,1
HSK1,期,1
HSK1,起,1
HSK1,气,1
HSK1,千,1
HSK1,前,1
HSK1,钱,1
HSK1,请,1
HSK1,去,1
HSK1,热,1
HSK1,人,1
HSK1,认,1
HSK1,日,1
HSK1,三,1
HSK1,商,1
HSK1,上,1
HSK1,少,1
HSK1,谁,1
HSK1,什,1
HSK1,生,1
HSK1,师,1
HSK1,十,1
HSK1,时,1
HSK1,识,1
HSK1,士,1
HSK1,市,1
HSK1,事,1
HSK1,视,1
HSK1,是,1
HSK1,手,1
HSK1,书,1
HSK1,水,1
HSK1,睡,1
HSK1,说,1
HSK1,司,1
HSK1,四,1
HSK1,岁,1
HSK1,他,1
HSK1,它,1
HSK1,她,1
HSK1,太,1
HSK1,题,1
HSK1,天,1
HSK1,条,1
HSK1,听,1
HSK1,同,1
HSK1,外,1
HSK1,玩,1
HSK1,晚,1
HSK1,喂,1
HSK1,文,1
HSK1,问,1
HSK1,我,1
HSK1,五,1
HSK1,午,1
HSK1,西,1
HSK1,息,1
HSK1,习,1
HSK1,喜,1
HSK1,系,1
HSK1,下,1
HSK1,先,1
HSK1,现,1
HSK1,想,1
HSK1,小,1
HSK1,校,1
HSK1,些,1
HSK1,写,1
HSK1,谢,1
HSK1,新,1
HSK1,星,1
HSK1,兴,1
HSK1,休,1
HSK1,学,1
HSK1,雪,1
HSK1,样,1
HSK1,要,1
HSK1,也,1
HSK1,一,1
HSK1,衣,1
HSK1,医,1
HSK1,宜,1
HSK1,以,1
HSK1,椅,1
HSK1,影,1
HSK1,友,1
HSK1,有,1
HSK1,雨,1
HSK1,语,1
HSK1,元,1
HSK1,院,1
HSK1,月,1
HSK1,再,1
HSK1,在,1
HSK1,早,1
HSK1,怎,1
HSK1,找,1
HSK1,这,1
HSK1,真,1
HSK1,正,1
HSK1,知,1
HSK1,只,1
HSK1,中,1
HSK1,钟,1
HSK1,住,1
HSK1,桌,1
HSK1,子,1
HSK1,字,1
HSK1,租,1
HSK1,昨,1
HSK1,作,1
HSK1,坐,1
HSK1,做,1
HSK2,啊,1
HSK2,帮,1
HSK2,备,1
HSK2,比,1
HSK2,笔,1
HSK2,表,1
HSK2,别,1
HSK2,步,1
HSK2,场,1
HSK2,词,1
HSK2,次,1
HSK2,从,1
HSK2,错,1
HSK2,但,1
HSK2,地,1
HSK2,等,1
HSK2,店,1
HSK2,懂,1
HSK2,动,1
HSK2,啡,1
HSK2,夫,1
HSK2,告,1
HSK2,跟,1
HSK2,馆,1
HSK2,过,1
HSK2,黑,1
HSK2,红,1
HSK2,花,1
HSK2,画,1
HSK2,坏,1
HSK2,己,1
HSK2,记,1
HSK2,交,1
HSK2,教,1
HSK2,介,1
HSK2,进,1
HSK2,近,1
HSK2,经,1
HSK2,睛,1
HSK2,酒,1
HSK2,就,1
HSK2,咖,1
HSK2,考,1
HSK2,裤,1
HSK2,快,1
HSK2,篮,1
HSK2,乐,1
HSK2,累,1
HSK2,离,1
HSK2,留,1
HSK2,楼,1
HSK2,路,1
HSK2,旅,1
HSK2,绿,1
HSK2,慢,1
HSK2,每,1
HSK2,门,1
HSK2,拿,1
HSK2,鸟,1
HSK2,旁,1
HSK2,跑,1
HSK2,票,1
HSK2,妻,1
HSK2,情,1
HSK2,晴,1
HSK2,球,1
HSK2,然,1
HSK2,让,1
HSK2,肉,1
HSK2,色,1
HSK2,绍,1
HSK2,身,1
HSK2,始,1
HSK2,试,1
HSK2,室,1
HSK2,舒,1
HSK2,思,1
HSK2,送,1
HSK2,诉,1
HSK2,虽,1
HSK2,所,1
HSK2,疼,1
HSK2,踢,1
HSK2,体,1
HSK2,跳,1
HSK2,铁,1
HSK2,头,1
HSK2,完,1
HSK2,万,1
HSK2,网,1
HSK2,往,1
HSK2,忘,1
HSK2,望,1
HSK2,为,1
HSK2,位,1
HSK2,舞,1
HSK2,希,1
HSK2,洗,1
HSK2,笑,1
HSK2,姓,1
HSK2,颜,1
HSK2,眼,1
HSK2,药,1
HSK2,爷,1
HSK2,已,1
HSK2,意,1
HSK2,因,1
HSK2,阴,1
HSK2,泳,1
HSK2,游,1
HSK2,右,1
HSK2,鱼,1
HSK2,远,1
HSK2,运,1
HSK2,站,1
HSK2,长,1
HSK2,丈,1
HSK2,周,1
HSK2,着,1
HSK2,准,1
HSK2,自,1
HSK2,走,1
HSK2,足,1
HSK2,最,1
HSK2,左,1
HSK3,阿,1
HSK3,矮,1
HSK3,安,1
HSK3,把,1
HSK3,般,1
HSK3,搬,1
HSK3,板,1
HSK3,办,1
HSK3,饱,1
HSK3,报,1
HSK3,北,1
HSK3,被,1
HSK3,必,1
HSK3,变,1
HSK3,遍,1
HSK3,宾,1
HSK3,冰,1
HSK3,才,1
HSK3,参,1
HSK3,草,1
HSK3,层,1
HSK3,查,1
HSK3,差,1
HSK3,尝,1
HSK3,衬,1
HSK3,成,1
HSK3,城,1
HSK3,迟,1
HSK3,持,1
HSK3,初,1
HSK3,除,1
HSK3,楚,1
HSK3,处,1
HSK3,船,1
HSK3,春,1
HSK3,聪,1
HSK3,答,1
HSK3,带,1
HSK3,担,1
HSK3,单,1
HSK3,当,1
HSK3,灯,1
HSK3,典,1
HSK3,调,1
HSK3,定,1
HSK3,丢,1
HSK3,冬,1
HSK3,短,1
HSK3,段,1
HSK3,锻,1
HSK3,朵,1
HSK3,饿,1
HSK3,而,1
HSK3,耳,1
HSK3,发,1
HSK3,法,1
HSK3,方,1
HSK3,放,1
HSK3,风,1
HSK3,封,1
HSK3,附,1
HSK3,复,1
HSK3,该,1
HSK3,概,1
HSK3,感,1
HSK3,干,1
HSK3,刚,1
HSK3,糕,1
HSK3,根,1
HSK3,更,1
HSK3,共,1
HSK3,故,1
HSK3,顾,1
HSK3,瓜,1
HSK3,刮,1
HSK3,怪,1
HSK3,惯,1
HSK3,海,1
HSK3,害,1
HSK3,合,1
HSK3,河,1
HSK3,乎,1
HSK3,护,1
HSK3,化,1
HSK3,环,1
HSK3,换,1
HSK3,黄,1
HSK3,婚,1
HSK3,活,1
HSK3,或,1
HSK3,激,1
HSK3,级,1
HSK3,极,1
HSK3,急,1
HSK3,季,1
HSK3,绩,1
HSK3,加,1
HSK3,假,1
HSK3,坚,1
HSK3,检,1
HSK3,简,1
HSK3,健,1
HSK3,讲,1
HSK3,蕉,1
HSK3,角,1
HSK3,饺,1
HSK3,脚,1
HSK3,较,1
HSK3,接,1
HSK3,街,1
HSK3,节,1
HSK3,结,1
HSK3,解,1
HSK3,界,1
HSK3,借,1
HSK3,斤,1
HSK3,净,1
HSK3,静,1
HSK3,境,1
HSK3,久,1
HSK3,旧,1
HSK3,居,1
HSK3,句,1
HSK3,据,1
HSK3,决,1
HSK3,卡,1
HSK3,康,1
HSK3,渴,1
HSK3,刻,1
HSK3,空,1
HSK3,哭,1
HSK3,筷,1
HSK3,矿,1
HSK3,蓝,1
HSK3,礼,1
HSK3,李,1
HSK3,理,1
HSK3,力,1
HSK3,历,1
HSK3,脸,1
HSK3,练,1
HSK3,炼,1
HSK3,凉,1
HSK3,辆,1
HSK3,聊,1
HSK3,料,1
HSK3,邻,1
HSK3,凌,1
HSK3,马,1
HSK3,码,1
HSK3,满,1
HSK3,毛,1
HSK3,冒,1
HSK3,末,1
HSK3,目,1
HSK3,南,1
HSK3,难,1
HSK3,努,1
HSK3,爬,1
HSK3,怕,1
HSK3,拍,1
HSK3,盘,1
HSK3,胖,1
HSK3,啤,1
HSK3,片,1
HSK3,平,1
HSK3,瓶,1
HSK3,其,1
HSK3,奇,1
HSK3,骑,1
HSK3,汽,1
HSK3,铅,1
HSK3,且,1
HSK3,轻,1
HSK3,清,1
HSK3,秋,1
HSK3,求,1
HSK3,区,1
HSK3,趣,1
HSK3,全,1
HSK3,泉,1
HSK3,裙,1
HSK3,容,1
HSK3,如,1
HSK3,赛,1
HSK3,伞,1
HSK3,扫,1
HSK3,沙,1
HSK3,山,1
HSK3,衫,1
HSK3,烧,1
HSK3,勺,1
HSK3,声,1
HSK3,实,1
HSK3,史,1
HSK3,世,1
HSK3,适,1
HSK3,收,1
HSK3,受,1
HSK3,瘦,1
HSK3,叔,1
HSK3,束,1
HSK3,树,1
HSK3,数,1
HSK3,刷,1
HSK3,双,1
HSK3,算,1
HSK3,糖,1
HSK3,特,1
HSK3,梯,1
HSK3,提,1
HSK3,甜,1
HSK3,挺,1
HSK3,突,1
HSK3,图,1
HSK3,腿,1
HSK3,碗,1
HSK3,卫,1
HSK3,闻,1
HSK3,屋,1
HSK3,务,1
HSK3,物,1
HSK3,戏,1
HSK3,夏,1
HSK3,鲜,1
HSK3,相,1
HSK3,香,1
HSK3,箱,1
HSK3,响,1
HSK3,向,1
HSK3,像,1
HSK3,鞋,1
HSK3,心,1
HSK3,信,1
HSK3,行,1
HSK3,熊,1
HSK3,须,1
HSK3,需,1
HSK3,选,1
HSK3,牙,1
HSK3,言,1
HSK3,演,1
HSK3,羊,1
HSK3,阳,1
HSK3,养,1
HSK3,业,1
HSK3,页,1
HSK3,姨,1
HSK3,议,1
HSK3,易,1
HSK3,音,1
HSK3,银,1
HSK3,饮,1
HSK3,应,1
HSK3,迎,1
HSK3,用,1
HSK3,邮,1
HSK3,又,1
HSK3,于,1
HSK3,羽,1
HSK3,育,1
HSK3,遇,1
HSK3,园,1
HSK3,员,1
HSK3,愿,1
HSK3,越,1
HSK3,咱,1
HSK3,脏,1
HSK3,澡,1
HSK3,择,1
HSK3,展,1
HSK3,张,1
HSK3,照,1
HSK3,者,1
HSK3,直,1
HSK3,纸,1
HSK3,终,1
HSK3,种,1
HSK3,重,1
HSK3,主,1
HSK3,助,1
HSK3,注,1
HSK3,总,1
HSK3,嘴,1
HSK4,按,1
HSK4,案,1
HSK4,傲,1
HSK4,巴,1
HSK4,败,1
HSK4,棒,1
HSK4,保,1
HSK4,抱,1
HSK4,背,1
HSK4,倍,1
HSK4,笨,1
HSK4,鼻,1
HSK4,毕,1
HSK4,标,1
HSK4,饼,1
HSK4,并,1
HSK4,播,1
HSK4,博,1
HSK4,膊,1
HSK4,部,1
HSK4,擦,1
HSK4,猜,1
HSK4,材,1
HSK4,彩,1
HSK4,餐,1
HSK4,操,1
HSK4,厕,1
HSK4,察,1
HSK4,产,1
HSK4,厂,1
HSK4,晨,1
HSK4,诚,1
HSK4,乘,1
HSK4,程,1
HSK4,厨,1
HSK4,础,1
HSK4,窗,1
HSK4,吹,1
HSK4,此,1
HSK4,粗,1
HSK4,村,1
HSK4,存,1
HSK4,达,1
HSK4,待,1
HSK4,袋,1
HSK4,戴,1
HSK4,弹,1
HSK4,刀,1
HSK4,导,1
HSK4,倒,1
HSK4,登,1
HSK4,低,1
HSK4,底,1
HSK4,递,1
HSK4,掉,1
HSK4,订,1
HSK4,堵,1
HSK4,肚,1
HSK4,度,1
HSK4,断,1
HSK4,队,1
HSK4,顿,1
HSK4,尔,1
HSK4,翻,1
HSK4,烦,1
HSK4,反,1
HSK4,费,1
HSK4,份,1
HSK4,奋,1
HSK4,丰,1
HSK4,否,1
HSK4,肤,1
HSK4,符,1
HSK4,幅,1
HSK4,福,1
HSK4,父,1
HSK4,付,1
HSK4,负,1
HSK4,傅,1
HSK4,富,1
HSK4,改,1
HSK4,赶,1
HSK4,敢,1
HSK4,钢,1
HSK4,膏,1
HSK4,胳,1
HSK4,格,1
HSK4,各,1
HSK4,功,1
HSK4,供,1
HSK4,购,1
HSK4,够,1
HSK4,估,1
HSK4,姑,1
HSK4,鼓,1
HSK4,挂,1
HSK4,观,1
HSK4,管,1
HSK4,光,1
HSK4,广,1
HSK4,逛,1
HSK4,规,1
HSK4,咳,1
HSK4,寒,1
HSK4,喊,1
HSK4,汗,1
HSK4,航,1
HSK4,何,1
HSK4,盒,1
HSK4,贺,1
HSK4,厚,1
HSK4,呼,1
HSK4,忽,1
HSK4,虎,1
HSK4,互,1
HSK4,户,1
HSK4,划,1
HSK4,怀,1
HSK4,悔,1
HSK4,伙,1
HSK4,货,1
HSK4,获,1
HSK4,圾,1
HSK4,积,1
HSK4,基,1
HSK4,及,1
HSK4,即,1
HSK4,籍,1
HSK4,计,1
HSK4,纪,1
HSK4,技,1
HSK4,际,1
HSK4,济,1
HSK4,既,1
HSK4,继,1
HSK4,寄,1
HSK4,价,1
HSK4,减,1
HSK4,建,1
HSK4,键,1
HSK4,江,1
HSK4,将,1
HSK4,奖,1
HSK4,降,1
HSK4,郊,1
HSK4,骄,1
HSK4,巾,1
HSK4,金,1
HSK4,仅,1
HSK4,尽,1
HSK4,紧,1
HSK4,禁,1
HSK4,京,1
HSK4,惊,1
HSK4,精,1
HSK4,景,1
HSK4,警,1
HSK4,竞,1
HSK4,竟,1
HSK4,镜,1
HSK4,究,1
HSK4,举,1
HSK4,拒,1
HSK4,具,1
HSK4,剧,1
HSK4,距,1
HSK4,聚,1
HSK4,绝,1
HSK4,烤,1
HSK4,科,1
HSK4,棵,1
HSK4,克,1
HSK4,肯,1
HSK4,恐,1
HSK4,苦,1
HSK4,况,1
HSK4,困,1
HSK4,垃,1
HSK4,拉,1
HSK4,辣,1
HSK4,懒,1
HSK4,浪,1
HSK4,厉,1
HSK4,丽,1
HSK4,励,1
HSK4,利,1
HSK4,例,1
HSK4,俩,1
HSK4,连,1
HSK4,联,1
HSK4,谅,1
HSK4,量,1
HSK4,列,1
HSK4,林,1
HSK4,龄,1
HSK4,另,1
HSK4,流,1
HSK4,乱,1
HSK4,论,1
HSK4,落,1
HSK4,律,1
HSK4,虑,1
HSK4,麻,1
HSK4,馒,1
HSK4,漫,1
HSK4,帽,1
HSK4,貌,1
HSK4,美,1
HSK4,梦,1
HSK4,迷,1
HSK4,密,1
HSK4,免,1
HSK4,秒,1
HSK4,民,1
HSK4,命,1
HSK4,默,1
HSK4,母,1
HSK4,慕,1
HSK4,耐,1
HSK4,恼,1
HSK4,闹,1
HSK4,内,1
HSK4,嗯,1
HSK4,娘,1
HSK4,农,1
HSK4,弄,1
HSK4,暖,1
HSK4,偶,1
HSK4,排,1
HSK4,牌,1
HSK4,判,1
HSK4,乓,1
HSK4,陪,1
HSK4,批,1
HSK4,皮,1
HSK4,脾,1
HSK4,篇,1
HSK4,频,1
HSK4,品,1
HSK4,聘,1
HSK4,乒,1
HSK4,评,1
HSK4,泼,1
HSK4,破,1
HSK4,葡,1
HSK4,普,1
HSK4,戚,1
HSK4,弃,1
HSK4,签,1
HSK4,歉,1
HSK4,强,1
HSK4,敲,1
HSK4,桥,1
HSK4,巧,1
HSK4,切,1
HSK4,亲,1
HSK4,琴,1
HSK4,青,1
HSK4,庆,1
HSK4,取,1
HSK4,缺,1
HSK4,却,1
HSK4,确,1
HSK4,染,1
HSK4,扰,1
HSK4,任,1
HSK4,扔,1
HSK4,仍,1
HSK4,入,1
HSK4,散,1
HSK4,森,1
HSK4,伤,1
HSK4,稍,1
HSK4,社,1
HSK4,摄,1
HSK4,申,1
HSK4,深,1
HSK4,甚,1
HSK4,省,1
HSK4,剩,1
HSK4,失,1
HSK4,拾,1
HSK4,食,1
HSK4,使,1
HSK4,氏,1
HSK4,示,1
HSK4,式,1
HSK4,柿,1
HSK4,释,1
HSK4,匙,1
HSK4,首,1
HSK4,授,1
HSK4,售,1
HSK4,输,1
HSK4,熟,1
HSK4,暑,1
HSK4,术,1
HSK4,帅,1
HSK4,顺,1
HSK4,硕,1
HSK4,死,1
HSK4,松,1
HSK4,嗽,1
HSK4,速,1
HSK4,塑,1
HSK4,酸,1
HSK4,随,1
HSK4,孙,1
HSK4,台,1
HSK4,抬,1
HSK4,态,1
HSK4,谈,1
HSK4,汤,1
HSK4,躺,1
HSK4,趟,1
HSK4,萄,1
HSK4,讨,1
HSK4,套,1
HSK4,堂,1
HSK4,填,1
HSK4,厅,1
HSK4,庭,1
HSK4,停,1
HSK4,通,1
HSK4,童,1
HSK4,桶,1
HSK4,痛,1
HSK4,土,1
HSK4,推,1
HSK4,脱,1
HSK4,袜,1
HSK4,危,1
HSK4,微,1
HSK4,围,1
HSK4,味,1
HSK4,温,1
HSK4,污,1
HSK4,无,1
HSK4,误,1
HSK4,吸,1
HSK4,悉,1
HSK4,惜,1
HSK4,细,1
HSK4,咸,1
HSK4,险,1
HSK4,线,1
HSK4,羡,1
HSK4,乡,1
HSK4,详,1
HSK4,项,1
HSK4,象,1
HSK4,消,1
HSK4,效,1
HSK4,辛,1
HSK4,醒,1
HSK4,幸,1
HSK4,性,1
HSK4,兄,1
HSK4,修,1
HSK4,羞,1
HSK4,秀,1
HSK4,许,1
HSK4,序,1
HSK4,续,1
HSK4,血,1
HSK4,压,1
HSK4,亚,1
HSK4,烟,1
HSK4,严,1
HSK4,研,1
HSK4,盐,1
HSK4,厌,1
HSK4,验,1
HSK4,扬,1
HSK4,洋,1
HSK4,邀,1
HSK4,钥,1
HSK4,叶,1
HSK4,夜,1
HSK4,疑,1
HSK4,艺,1
HSK4,忆,1
HSK4,译,1
HSK4,谊,1
HSK4,引,1
HSK4,印,1
HSK4,赢,1
HSK4,永,1
HSK4,勇,1
HSK4,优,1
HSK4,幽,1
HSK4,尤,1
HSK4,由,1
HSK4,油,1
HSK4,愉,1
HSK4,与,1
HSK4,预,1
HSK4,原,1
HSK4,约,1
HSK4,阅,1
HSK4,云,1
HSK4,允,1
HSK4,杂,1
HSK4,仔,1
HSK4,暂,1
HSK4,则,1
HSK4,责,1
HSK4,增,1
HSK4,章,1
HSK4,账,1
HSK4,招,1
HSK4,折,1
HSK4,针,1
HSK4,争,1
HSK4,整,1
HSK4,证,1
HSK4,之,1
HSK4,支,1
HSK4,汁,1
HSK4,值,1
HSK4,职,1
HSK4,植,1
HSK4,止,1
HSK4,址,1
HSK4,指,1
HSK4,至,1
HSK4,志,1
HSK4,质,1
HSK4,众,1
HSK4,洲,1
HSK4,祝,1
HSK4,著,1
HSK4,专,1
HSK4,转,1
HSK4,赚,1
HSK4,装,1
HSK4,资,1
HSK4,族,1
HSK4,组,1
HSK4,尊,1
HSK4,座,1
HSK5,哎,1
HSK5,唉,1
HSK5,暗,1
HSK5,熬,1
HSK5,版,1
HSK5,扮,1
HSK5,伴,1
HSK5,膀,1
HSK5,傍,1
HSK5,薄,1
HSK5,宝,1
HSK5,暴,1
HSK5,贝,1
HSK5,彼,1
HSK5,币,1
HSK5,闭,1
HSK5,避,1
HSK5,拨,1
HSK5,玻,1
HSK5,补,1
HSK5,布,1
HSK5,裁,1
HSK5,采,1
HSK5,藏,1
HSK5,册,1
HSK5,测,1
HSK5,曾,1
HSK5,叉,1
HSK5,插,1
HSK5,拆,1
HSK5,倡,1
HSK5,朝,1
HSK5,吵,1
HSK5,炒,1
HSK5,彻,1
HSK5,沉,1
HSK5,称,1
HSK5,承,1
HSK5,橙,1
HSK5,池,1
HSK5,尺,1
HSK5,齿,1
HSK5,翅,1
HSK5,冲,1
HSK5,充,1
HSK5,虫,1
HSK5,宠,1
HSK5,抽,1
HSK5,丑,1
HSK5,臭,1
HSK5,触,1
HSK5,传,1
HSK5,创,1
HSK5,辞,1
HSK5,刺,1
HSK5,促,1
HSK5,催,1
HSK5,措,1
HSK5,代,1
HSK5,胆,1
HSK5,旦,1
HSK5,淡,1
HSK5,挡,1
HSK5,档,1
HSK5,蹈,1
HSK5,敌,1
HSK5,蝶,1
HSK5,冻,1
HSK5,洞,1
HSK5,斗,1
HSK5,豆,1
HSK5,独,1
HSK5,堆,1
HSK5,吨,1
HSK5,盾,1
HSK5,躲,1
HSK5,乏,1
HSK5,罚,1
HSK5,番,1
HSK5,繁,1
HSK5,返,1
HSK5,泛,1
HSK5,范,1
HSK5,防,1
HSK5,仿,1
HSK5,访,1
HSK5,肥,1
HSK5,纷,1
HSK5,疯,1
HSK5,扶,1
HSK5,佛,1
HSK5,府,1
HSK5,腐,1
HSK5,妇,1
HSK5,副,1
HSK5,盖,1
HSK5,搞,1
HSK5,革,1
HSK5,隔,1
HSK5,恭,1
HSK5,贡,1
HSK5,沟,1
HSK5,构,1
HSK5,古,1
HSK5,固,1
HSK5,冠,1
HSK5,瑰,1
HSK5,柜,1
HSK5,滚,1
HSK5,锅,1
HSK5,裹,1
HSK5,哈,1
HSK5,含,1
HSK5,憾,1
HSK5,衡,1
HSK5,猴,1
HSK5,胡,1
HSK5,湖,1
HSK5,蝴,1
HSK5,糊,1
HSK5,华,1
HSK5,滑,1
HSK5,缓,1
HSK5,灰,1
HSK5,挥,1
HSK5,恢,1
HSK5,汇,1
HSK5,惠,1
HSK5,慧,1
HSK5,祸,1
HSK5,肌,1
HSK5,疾,1
HSK5,集,1
HSK5,辑,1
HSK5,挤,1
HSK5,迹,1
HSK5,佳,1
HSK5,嘉,1
HSK5,甲,1
HSK5,驾,1
HSK5,架,1
HSK5,艰,1
HSK5,捡,1
HSK5,剪,1
HSK5,荐,1
HSK5,渐,1
HSK5,践,1
HSK5,浆,1
HSK5,浇,1
HSK5,阶,1
HSK5,届,1
HSK5,谨,1
HSK5,敬,1
HSK5,救,1
HSK5,局,1
HSK5,橘,1
HSK5,巨,1
HSK5,捐,1
HSK5,卷,1
HSK5,军,1
HSK5,均,1
HSK5,靠,1
HSK5,颗,1
HSK5,控,1
HSK5,扣,1
HSK5,库,1
HSK5,宽,1
HSK5,款,1
HSK5,狂,1
HSK5,亏,1
HSK5,昆,1
HSK5,扩,1
HSK5,括,1
HSK5,览,1
HSK5,郎,1
HSK5,劳,1
HSK5,姥,1
HSK5,泪,1
HSK5,类,1
HSK5,厘,1
HSK5,梨,1
HSK5,璃,1
HSK5,立,1
HSK5,恋,1
HSK5,良,1
HSK5,粮,1
HSK5,疗,1
HSK5,烈,1
HSK5,临,1
HSK5,灵,1
HSK5,铃,1
HSK5,领,1
HSK5,令,1
HSK5,浏,1
HSK5,龙,1
HSK5,漏,1
HSK5,陆,1
HSK5,录,1
HSK5,碌,1
HSK5,逻,1
HSK5,络,1
HSK5,率,1
HSK5,骂,1
HSK5,矛,1
HSK5,玫,1
HSK5,媒,1
HSK5,魅,1
HSK5,秘,1
HSK5,眠,1
HSK5,描,1
HSK5,敏,1
HSK5,摸,1
HSK5,模,1
HSK5,陌,1
HSK5,漠,1
HSK5,某,1
HSK5,木,1
HSK5,幕,1
HSK5,奈,1
HSK5,念,1
HSK5,浓,1
HSK5,哦,1
HSK5,欧,1
HSK5,派,1
HSK5,培,1
HSK5,赔,1
HSK5,配,1
HSK5,盆,1
HSK5,碰,1
HSK5,匹,1
HSK5,骗,1
HSK5,拼,1
HSK5,凭,1
HSK5,屏,1
HSK5,婆,1
HSK5,齐,1
HSK5,企,1
HSK5,器,1
HSK5,浅,1
HSK5,欠,1
HSK5,墙,1
HSK5,抢,1
HSK5,悄,1
HSK5,茄,1
HSK5,勤,1
HSK5,穷,1
HSK5,曲,1
HSK5,趋,1
HSK5,权,1
HSK5,劝,1
HSK5,群,1
HSK5,燃,1
HSK5,绕,1
HSK5,忍,1
HSK5,荣,1
HSK5,软,1
HSK5,润,1
HSK5,弱,1
HSK5,洒,1
HSK5,傻,1
HSK5,厦,1
HSK5,晒,1
HSK5,删,1
HSK5,扇,1
HSK5,善,1
HSK5,擅,1
HSK5,赏,1
HSK5,蛇,1
HSK5,舍,1
HSK5,设,1
HSK5,伸,1
HSK5,神,1
HSK5,慎,1
HSK5,升,1
HSK5,胜,1
HSK5,诗,1
HSK5,施,1
HSK5,湿,1
HSK5,石,1
HSK5,驶,1
HSK5,似,1
HSK5,势,1
HSK5,饰,1
HSK5,守,1
HSK5,殊,1
HSK5,蔬,1
HSK5,属,1
HSK5,鼠,1
HSK5,述,1
HSK5,摔,1
HSK5,税,1
HSK5,私,1
HSK5,搜,1
HSK5,俗,1
HSK5,肃,1
HSK5,素,1
HSK5,宿,1
HSK5,碎,1
HSK5,损,1
HSK5,缩,1
HSK5,索,1
HSK5,锁,1
HSK5,桃,1
HSK5,替,1
HSK5,挑,1
HSK5,贴,1
HSK5,统,1
HSK5,投,1
HSK5,途,1
HSK5,兔,1
HSK5,团,1
HSK5,退,1
HSK5,拖,1
HSK5,弯,1
HSK5,威,1
HSK5,违,1
HSK5,唯,1
HSK5,维,1
HSK5,伟,1
HSK5,尾,1
HSK5,未,1
HSK5,胃,1
HSK5,慰,1
HSK5,稳,1
HSK5,卧,1
HSK5,握,1
HSK5,伍,1
HSK5,武,1
HSK5,雾,1
HSK5,夕,1
HSK5,析,1
HSK5,席,1
HSK5,闲,1
HSK5,显,1
HSK5,县,1
HSK5,限,1
HSK5,献,1
HSK5,厢,1
HSK5,享,1
HSK5,橡,1
HSK5,销,1
HSK5,肖,1
HSK5,协,1
HSK5,胁,1
HSK5,斜,1
HSK5,欣,1
HSK5,形,1
HSK5,型,1
HSK5,虚,1
HSK5,绪,1
HSK5,宣,1
HSK5,寻,1
HSK5,询,1
HSK5,训,1
HSK5,迅,1
HSK5,押,1
HSK5,鸭,1
HSK5,呀,1
HSK5,延,1
HSK5,沿,1
HSK5,腰,1
HSK5,摇,1
HSK5,咬,1
HSK5,依,1
HSK5,移,1
HSK5,遗,1
HSK5,乙,1
HSK5,亿,1
HSK5,义,1
HSK5,益,1
HSK5,营,1
HSK5,映,1
HSK5,硬,1
HSK5,拥,1
HSK5,悠,1
HSK5,犹,1
HSK5,幼,1
HSK5,余,1
HSK5,娱,1
HSK5,玉,1
HSK5,域,1
HSK5,喻,1
HSK5,寓,1
HSK5,豫,1
HSK5,圆,1
HSK5,源,1
HSK5,怨,1
HSK5,载,1
HSK5,赞,1
HSK5,糟,1
HSK5,造,1
HSK5,赠,1
HSK5,炸,1
HSK5,摘,1
HSK5,窄,1
HSK5,占,1
HSK5,战,1
HSK5,涨,1
HSK5,掌,1
HSK5,召,1
HSK5,哲,1
HSK5,珍,1
HSK5,诊,1
HSK5,阵,1
HSK5,震,1
HSK5,征,1
HSK5,挣,1
HSK5,政,1
HSK5,织,1
HSK5,执,1
HSK5,制,1
HSK5,治,1
HSK5,致,1
HSK5,智,1
HSK5,置,1
HSK5,猪,1
HSK5,竹,1
HSK5,逐,1
HSK5,煮,1
HSK5,筑,1
HSK5,抓,1
HSK5,状,1
HSK5,撞,1
HSK5,追,1
HSK5,咨,1
HSK5,姿,1
HSK5,紫,1
HSK5,综,1
HSK5,阻,1
HSK5,醉,1
HSK5,遵,1
HSK6,碍,1
HSK6,岸,1
HSK6,昂,1
HSK6,拔,1
HSK6,摆,1
HSK6,拜,1
HSK6,榜,1
HSK6,胞,1
HSK6,爆,1
HSK6,悲,1
HSK6,辈,1
HSK6,奔,1
HSK6,逼,1
HSK6,壁,1
HSK6,臂,1
HSK6,编,1
HSK6,兵,1
HSK6,脖,1
HSK6,捕,1
HSK6,财,1
HSK6,踩,1
HSK6,残,1
HSK6,仓,1
HSK6,侧,1
HSK6,策,1
HSK6,柴,1
HSK6,肠,1
HSK6,偿,1
HSK6,畅,1
HSK6,抄,1
HSK6,嘲,1
HSK6,潮,1
HSK6,撤,1
HSK6,臣,1
HSK6,尘,1
HSK6,趁,1
HSK6,撑,1
HSK6,呈,1
HSK6,惩,1
HSK6,崇,1
HSK6,愁,1
HSK6,筹,1
HSK6,储,1
HSK6,串,1
HSK6,闯,1
HSK6,垂,1
HSK6,纯,1
HSK6,瓷,1
HSK6,匆,1
HSK6,醋,1
HSK6,脆,1
HSK6,寸,1
HSK6,挫,1
HSK6,搭,1
HSK6,呆,1
HSK6,贷,1
HSK6,耽,1
HSK6,诞,1
HSK6,岛,1
HSK6,稻,1
HSK6,德,1
HSK6,滴,1
HSK6,抵,1
HSK6,帝,1
HSK6,吊,1
HSK6,钓,1
HSK6,跌,1
HSK6,顶,1
HSK6,栋,1
HSK6,逗,1
HSK6,督,1
HSK6,毒,1
HSK6,渡,1
HSK6,端,1
HSK6,蹲,1
HSK6,夺,1
HSK6,额,1
HSK6,恶,1
HSK6,帆,1
HSK6,凡,1
HSK6,犯,1
HSK6,妨,1
HSK6,肪,1
HSK6,肺,1
HSK6,氛,1
HSK6,粉,1
HSK6,愤,1
HSK6,峰,1
HSK6,蜂,1
HSK6,奉,1
HSK6,浮,1
HSK6,辅,1
HSK6,赋,1
HSK6,覆,1
HSK6,尬,1
HSK6,肝,1
HSK6,尴,1
HSK6,岗,1
HSK6,港,1
HSK6,稿,1
HSK6,割,1
HSK6,攻,1
HSK6,宫,1
HSK6,巩,1
HSK6,孤,1
HSK6,股,1
HSK6,骨,1
HSK6,拐,1
HSK6,官,1
HSK6,贯,1
HSK6,罐,1
HSK6,归,1
HSK6,龟,1
HSK6,轨,1
HSK6,跪,1
HSK6,棍,1
HSK6,涵,1
HSK6,罕,1
HSK6,旱,1
HSK6,毫,1
HSK6,豪,1
HSK6,耗,1
HSK6,核,1
HSK6,嘿,1
HSK6,痕,1
HSK6,狠,1
HSK6,恨,1
HSK6,横,1
HSK6,宏,1
HSK6,虹,1
HSK6,洪,1
HSK6,壶,1
HSK6,幻,1
HSK6,患,1
HSK6,皇,1
HSK6,绘,1
HSK6,混,1
HSK6,惑,1
HSK6,击,1
HSK6,饥,1
HSK6,吉,1
HSK6,寂,1
HSK6,夹,1
HSK6,嫁,1
HSK6,稼,1
HSK6,尖,1
HSK6,肩,1
HSK6,监,1
HSK6,兼,1
HSK6,剑,1
HSK6,鉴,1
HSK6,箭,1
HSK6,酱,1
HSK6,胶,1
HSK6,椒,1
HSK6,焦,1
HSK6,杰,1
HSK6,洁,1
HSK6,捷,1
HSK6,截,1
HSK6,戒,1
HSK6,劲,1
HSK6,井,1
HSK6,颈,1
HSK6,径,1
HSK6,纠,1
HSK6,舅,1
HSK6,菊,1
HSK6,矩,1
HSK6,俱,1
HSK6,惧,1
HSK6,菌,1
HSK6,刊,1
HSK6,砍,1
HSK6,抗,1
HSK6,枯,1
HSK6,酷,1
HSK6,夸,1
HSK6,馈,1
HSK6,阔,1
HSK6,啦,1
HSK6,赖,1
HSK6,兰,1
HSK6,拦,1
HSK6,栏,1
HSK6,烂,1
HSK6,狼,1
HSK6,廊,1
HSK6,朗,1
HSK6,牢,1
HSK6,雷,1
HSK6,粒,1
HSK6,怜,1
HSK6,链,1
HSK6,梁,1
HSK6,晾,1
HSK6,劣,1
HSK6,淋,1
HSK6,笼,1
HSK6,露,1
HSK6,轮,1
HSK6,履,1
HSK6,略,1
HSK6,蚂,1
HSK6,嘛,1
HSK6,埋,1
HSK6,迈,1
HSK6,麦,1
HSK6,盲,1
HSK6,贸,1
HSK6,眉,1
HSK6,梅,1
HSK6,煤,1
HSK6,弥,1
HSK6,蜜,1
HSK6,棉,1
HSK6,勉,1
HSK6,妙,1
HSK6,灭,1
HSK6,摩,1
HSK6,寞,1
HSK6,纳,1
HSK6,泥,1
HSK6,拟,1
HSK6,扭,1
HSK6,怒,1
HSK6,诺,1
HSK6,盼,1
HSK6,庞,1
HSK6,抛,1
HSK6,泡,1
HSK6,佩,1
HSK6,喷,1
HSK6,捧,1
HSK6,披,1
HSK6,疲,1
HSK6,飘,1
HSK6,贫,1
HSK6,坡,1
HSK6,迫,1
HSK6,扑,1
HSK6,朴,1
HSK6,铺,1
HSK6,欺,1
HSK6,棋,1
HSK6,旗,1
HSK6,启,1
HSK6,恰,1
HSK6,牵,1
HSK6,谦,1
HSK6,潜,1
HSK6,枪,1
HSK6,腔,1
HSK6,瞧,1
HSK6,倾,1
HSK6,屈,1
HSK6,渠,1
HSK6,娶,1
HSK6,圈,1
HSK6,券,1
HSK6,壤,1
HSK6,绒,1
HSK6,融,1
HSK6,柔,1
HSK6,撒,1
HSK6,塞,1
HSK6,嗓,1
HSK6,丧,1
HSK6,杀,1
HSK6,刹,1
HSK6,鲨,1
HSK6,筛,1
HSK6,闪,1
HSK6,尚,1
HSK6,舌,1
HSK6,射,1
HSK6,涉,1
HSK6,审,1
HSK6,甥,1
HSK6,盛,1
HSK6,狮,1
HSK6,寿,1
HSK6,薯,1
HSK6,竖,1
HSK6,漱,1
HSK6,衰,1
HSK6,瞬,1
HSK6,艘,1
HSK6,塔,1
HSK6,踏,1
HSK6,汰,1
HSK6,坛,1
HSK6,探,1
HSK6,碳,1
HSK6,烫,1
HSK6,掏,1
HSK6,逃,1
HSK6,淘,1
HSK6,添,1
HSK6,田,1
HSK6,铜,1
HSK6,筒,1
HSK6,偷,1
HSK6,透,1
HSK6,徒,1
HSK6,吐,1
HSK6,吞,1
HSK6,托,1
HSK6,挖,1
HSK6,娃,1
HSK6,哇,1
HSK6,歪,1
HSK6,顽,1
HSK6,亡,1
HSK6,王,1
HSK6,委,1
HSK6,谓,1
HSK6,沃,1
HSK6,乌,1
HSK6,晰,1
HSK6,媳,1
HSK6,吓,1
HSK6,嫌,1
HSK6,陷,1
HSK6,祥,1
HSK6,宵,1
HSK6,歇,1
HSK6,谐,1
HSK6,携,1
HSK6,械,1
HSK6,薪,1
HSK6,胸,1
HSK6,雄,1
HSK6,袖,1
HSK6,叙,1
HSK6,蓄,1
HSK6,旋,1
HSK6,旬,1
HSK6,循,1
HSK6,讯,1
HSK6,讶,1
HSK6,淹,1
HSK6,炎,1
HSK6,艳,1
HSK6,宴,1
HSK6,央,1
HSK6,仰,1
HSK6,氧,1
HSK6,痒,1
HSK6,遥,1
HSK6,野,1
HSK6,液,1
HSK6,仪,1
HSK6,蚁,1
HSK6,异,1
HSK6,抑,1
HSK6,疫,1
HSK6,姻,1
HSK6,隐,1
HSK6,英,1
HSK6,婴,1
HSK6,颖,1
HSK6,涌,1
HSK6,忧,1
HSK6,予,1
HSK6,浴,1
HSK6,欲,1
HSK6,裕,1
HSK6,誉,1
HSK6,援,1
HSK6,跃,1
HSK6,晕,1
HSK6,匀,1
HSK6,孕,1
HSK6,灾,1
HSK6,遭,1
HSK6,噪,1
HSK6,燥,1
HSK6,扎,1
HSK6,宅,1
HSK6,粘,1
HSK6,崭,1
HSK6,仗,1
HSK6,障,1
HSK6,枕,1
HSK6,镇,1
HSK6,睁,1
HSK6,症,1
HSK6,枝,1
HSK6,脂,1
HSK6,侄,1
HSK6,殖,1
HSK6,秩,1
HSK6,肿,1
HSK6,州,1
HSK6,粥,1
HSK6,骤,1
HSK6,珠,1
HSK6,株,1
HSK6,诸,1
HSK6,砖,1
HSK6,妆,1
HSK6,庄,1
HSK6,壮,1
HSK6,椎,1
HSK6,捉,1
HSK6,棕,1
HSK6,踪,1
HSK6,粽,1
HSK6,奏,1
HSK6,祖,1
HSK6,钻,1
HSK6,罪,1
HSK7-9,哀,1
HSK7-9,挨,1
HSK7-9,癌,1
HSK7-9,蔼,1
HSK7-9,艾,1
HSK7-9,隘,1
HSK7-9,暧,1
HSK7-9,凹,1
HSK7-9,奥,1
HSK7-9,扒,1
HSK7-9,叭,1
HSK7-9,芭,1
HSK7-9,疤,1
HSK7-9,靶,1
HSK7-9,坝,1
HSK7-9,罢,1
HSK7-9,霸,1
HSK7-9,掰,1
HSK7-9,柏,1
HSK7-9,扳,1
HSK7-9,颁,1
HSK7-9,斑,1
HSK7-9,拌,1
HSK7-9,绊,1
HSK7-9,瓣,1
HSK7-9,绑,1
HSK7-9,谤,1
HSK7-9,磅,1
HSK7-9,煲,1
HSK7-9,褒,1
HSK7-9,雹,1
HSK7-9,堡,1
HSK7-9,豹,1
HSK7-9,卑,1
HSK7-9,碑,1
HSK7-9,狈,1
HSK7-9,惫,1
HSK7-9,焙,1
HSK7-9,崩,1
HSK7-9,绷,1
HSK7-9,迸,1
HSK7-9,蹦,1
HSK7-9,鄙,1
HSK7-9,庇,1
HSK7-9,毙,1
HSK7-9,痹,1
HSK7-9,碧,1
HSK7-9,蔽,1
HSK7-9,弊,1
HSK7-9,鞭,1
HSK7-9,贬,1
HSK7-9,扁,1
HSK7-9,辨,1
HSK7-9,辩,1
HSK7-9,辫,1
HSK7-9,飙,1
HSK7-9,憋,1
HSK7-9,彬,1
HSK7-9,滨,1
HSK7-9,缤,1
HSK7-9,濒,1
HSK7-9,丙,1
HSK7-9,秉,1
HSK7-9,柄,1
HSK7-9,波,1
HSK7-9,剥,1
HSK7-9,伯,1
HSK7-9,驳,1
HSK7-9,勃,1
HSK7-9,舶,1
HSK7-9,搏,1
HSK7-9,簸,1
HSK7-9,卜,1
HSK7-9,哺,1
HSK7-9,怖,1
HSK7-9,睬,1
HSK7-9,惭,1
HSK7-9,惨,1
HSK7-9,灿,1
HSK7-9,璨,1
HSK7-9,苍,1
HSK7-9,沧,1
HSK7-9,舱,1
HSK7-9,糙,1
HSK7-9,嘈,1
HSK7-9,槽,1
HSK7-9,蹭,1
HSK7-9,岔,1
HSK7-9,诧,1
HSK7-9,掺,1
HSK7-9,搀,1
HSK7-9,馋,1
HSK7-9,禅,1
HSK7-9,缠,1
HSK7-9,铲,1
HSK7-9,阐,1
HSK7-9,颤,1
HSK7-9,昌,1
HSK7-9,猖,1
HSK7-9,敞,1
HSK7-9,钞,1
HSK7-9,巢,1
HSK7-9,扯,1
HSK7-9,澈,1
HSK7-9,辰,1
HSK7-9,陈,1
HSK7-9,澄,1
HSK7-9,逞,1
HSK7-9,秤,1
HSK7-9,痴,1
HSK7-9,弛,1
HSK7-9,驰,1
HSK7-9,侈,1
HSK7-9,耻,1
HSK7-9,斥,1
HSK7-9,赤,1
HSK7-9,憧,1
HSK7-9,仇,1
HSK7-9,绸,1
HSK7-9,畴,1
HSK7-9,酬,1
HSK7-9,稠,1
HSK7-9,瞅,1
HSK7-9,锄,1
HSK7-9,橱,1
HSK7-9,畜,1
HSK7-9,矗,1
HSK7-9,揣,1
HSK7-9,踹,1
HSK7-9,川,1
HSK7-9,喘,1
HSK7-9,幢,1
HSK7-9,炊,1
HSK7-9,捶,1
HSK7-9,锤,1
HSK7-9,唇,1
HSK7-9,淳,1
HSK7-9,醇,1
HSK7-9,蠢,1
HSK7-9,戳,1
HSK7-9,绰,1
HSK7-9,疵,1
HSK7-9,慈,1
HSK7-9,磁,1
HSK7-9,雌,1
HSK7-9,伺,1
HSK7-9,赐,1
HSK7-9,囱,1
HSK7-9,葱,1
HSK7-9,丛,1
HSK7-9,凑,1
HSK7-9,簇,1
HSK7-9,窜,1
HSK7-9,摧,1
HSK7-9,璀,1
HSK7-9,悴,1
HSK7-9,粹,1
HSK7-9,翠,1
HSK7-9,搓,1
HSK7-9,磋,1
HSK7-9,瘩,1
HSK7-9,歹,1
HSK7-9,逮,1
HSK7-9,怠,1
HSK7-9,丹,1
HSK7-9,惮,1
HSK7-9,党,1
HSK7-9,荡,1
HSK7-9,叨,1
HSK7-9,捣,1
HSK7-9,祷,1
HSK7-9,盗,1
HSK7-9,悼,1
HSK7-9,蹬,1
HSK7-9,凳,1
HSK7-9,瞪,1
HSK7-9,堤,1
HSK7-9,迪,1
HSK7-9,涤,1
HSK7-9,笛,1
HSK7-9,嘀,1
HSK7-9,蒂,1
HSK7-9,缔,1
HSK7-9,颠,1
HSK7-9,巅,1
HSK7-9,甸,1
HSK7-9,垫,1
HSK7-9,淀,1
HSK7-9,惦,1
HSK7-9,奠,1
HSK7-9,殿,1
HSK7-9,刁,1
HSK7-9,叼,1
HSK7-9,凋,1
HSK7-9,雕,1
HSK7-9,爹,1
HSK7-9,迭,1
HSK7-9,谍,1
HSK7-9,叠,1
HSK7-9,碟,1
HSK7-9,丁,1
HSK7-9,叮,1
HSK7-9,盯,1
HSK7-9,钉,1
HSK7-9,鼎,1
HSK7-9,董,1
HSK7-9,兜,1
HSK7-9,抖,1
HSK7-9,陡,1
HSK7-9,赌,1
HSK7-9,睹,1
HSK7-9,杜,1
HSK7-9,妒,1
HSK7-9,兑,1
HSK7-9,敦,1
HSK7-9,盹,1
HSK7-9,炖,1
HSK7-9,钝,1
HSK7-9,哆,1
HSK7-9,舵,1
HSK7-9,堕,1
HSK7-9,惰,1
HSK7-9,讹,1
HSK7-9,鹅,1
HSK7-9,厄,1
HSK7-9,遏,1
HSK7-9,噩,1
HSK7-9,鳄,1
HSK7-9,恩,1
HSK7-9,饵,1
HSK7-9,伐,1
HSK7-9,阀,1
HSK7-9,贩,1
HSK7-9,坊,1
HSK7-9,芳,1
HSK7-9,纺,1
HSK7-9,绯,1
HSK7-9,匪,1
HSK7-9,诽,1
HSK7-9,废,1
HSK7-9,沸,1
HSK7-9,芬,1
HSK7-9,吩,1
HSK7-9,坟,1
HSK7-9,焚,1
HSK7-9,粪,1
HSK7-9,锋,1
HSK7-9,逢,1
HSK7-9,讽,1
HSK7-9,凤,1
HSK7-9,缝,1
HSK7-9,孵,1
HSK7-9,敷,1
HSK7-9,伏,1
HSK7-9,俘,1
HSK7-9,袱,1
HSK7-9,辐,1
HSK7-9,抚,1
HSK7-9,斧,1
HSK7-9,俯,1
HSK7-9,咐,1
HSK7-9,赴,1
HSK7-9,腹,1
HSK7-9,缚,1
HSK7-9,丐,1
HSK7-9,钙,1
HSK7-9,溉,1
HSK7-9,甘,1
HSK7-9,杆,1
HSK7-9,竿,1
HSK7-9,纲,1
HSK7-9,缸,1
HSK7-9,杠,1
HSK7-9,戈,1
HSK7-9,疙,1
HSK7-9,鸽,1
HSK7-9,搁,1
HSK7-9,阁,1
HSK7-9,骼,1
HSK7-9,耕,1
HSK7-9,耿,1
HSK7-9,哽,1
HSK7-9,弓,1
HSK7-9,躬,1
HSK7-9,拱,1
HSK7-9,勾,1
HSK7-9,钩,1
HSK7-9,苟,1
HSK7-9,咕,1
HSK7-9,菇,1
HSK7-9,辜,1
HSK7-9,谷,1
HSK7-9,雇,1
HSK7-9,寡,1
HSK7-9,卦,1
HSK7-9,乖,1
HSK7-9,棺,1
HSK7-9,灌,1
HSK7-9,闺,1
HSK7-9,诡,1
HSK7-9,鬼,1
HSK7-9,桂,1
HSK7-9,骇,1
HSK7-9,酣,1
HSK7-9,憨,1
HSK7-9,函,1
HSK7-9,捍,1
HSK7-9,撼,1
HSK7-9,瀚,1
HSK7-9,夯,1
HSK7-9,浩,1
HSK7-9,呵,1
HSK7-9,禾,1
HSK7-9,阂,1
HSK7-9,荷,1
HSK7-9,赫,1
HSK7-9,鹤,1
HSK7-9,哼,1
HSK7-9,恒,1
HSK7-9,轰,1
HSK7-9,哄,1
HSK7-9,烘,1
HSK7-9,弘,1
HSK7-9,喉,1
HSK7-9,吼,1
HSK7-9,狐,1
HSK7-9,唬,1
HSK7-9,哗,1
HSK7-9,猾,1
HSK7-9,徊,1
HSK7-9,槐,1
HSK7-9,唤,1
HSK7-9,焕,1
HSK7-9,痪,1
HSK7-9,荒,1
HSK7-9,慌,1
HSK7-9,凰,1
HSK7-9,煌,1
HSK7-9,恍,1
HSK7-9,晃,1
HSK7-9,谎,1
HSK7-9,辉,1
HSK7-9,徽,1
HSK7-9,毁,1
HSK7-9,卉,1
HSK7-9,讳,1
HSK7-9,贿,1
HSK7-9,秽,1
HSK7-9,昏,1
HSK7-9,荤,1
HSK7-9,浑,1
HSK7-9,魂,1
HSK7-9,豁,1
HSK7-9,霍,1
HSK7-9,讥,1
HSK7-9,缉,1
HSK7-9,畸,1
HSK7-9,稽,1
HSK7-9,汲,1
HSK7-9,棘,1
HSK7-9,嫉,1
HSK7-9,脊,1
HSK7-9,忌,1
HSK7-9,剂,1
HSK7-9,祭,1
HSK7-9,暨,1
HSK7-9,颊,1
HSK7-9,贾,1
HSK7-9,奸,1
HSK7-9,歼,1
HSK7-9,煎,1
HSK7-9,拣,1
HSK7-9,柬,1
HSK7-9,俭,1
HSK7-9,贱,1
HSK7-9,舰,1
HSK7-9,溅,1
HSK7-9,姜,1
HSK7-9,僵,1
HSK7-9,疆,1
HSK7-9,桨,1
HSK7-9,匠,1
HSK7-9,娇,1
HSK7-9,跤,1
HSK7-9,礁,1
HSK7-9,侥,1
HSK7-9,狡,1
HSK7-9,绞,1
HSK7-9,矫,1
HSK7-9,搅,1
HSK7-9,缴,1
HSK7-9,轿,1
HSK7-9,酵,1
HSK7-9,皆,1
HSK7-9,揭,1
HSK7-9,劫,1
HSK7-9,竭,1
HSK7-9,诫,1
HSK7-9,津,1
HSK7-9,筋,1
HSK7-9,锦,1
HSK7-9,晋,1
HSK7-9,浸,1
HSK7-9,茎,1
HSK7-9,荆,1
HSK7-9,晶,1
HSK7-9,兢,1
HSK7-9,鲸,1
HSK7-9,阱,1
HSK7-9,憬,1
HSK7-9,窘,1
HSK7-9,揪,1
HSK7-9,灸,1
HSK7-9,拘,1
HSK7-9,鞠,1
HSK7-9,咀,1
HSK7-9,沮,1
HSK7-9,炬,1
HSK7-9,倦,1
HSK7-9,诀,1
HSK7-9,抉,1
HSK7-9,倔,1
HSK7-9,掘,1
HSK7-9,崛,1
HSK7-9,嚼,1
HSK7-9,君,1
HSK7-9,钧,1
HSK7-9,俊,1
HSK7-9,峻,1
HSK7-9,骏,1
HSK7-9,竣,1
HSK7-9,凯,1
HSK7-9,慨,1
HSK7-9,楷,1
HSK7-9,勘,1
HSK7-9,堪,1
HSK7-9,坎,1
HSK7-9,侃,1
HSK7-9,槛,1
HSK7-9,慷,1
HSK7-9,扛,1
HSK7-9,苛,1
HSK7-9,磕,1
HSK7-9,壳,1
HSK7-9,坷,1
HSK7-9,垦,1
HSK7-9,恳,1
HSK7-9,啃,1
HSK7-9,坑,1
HSK7-9,吭,1
HSK7-9,孔,1
HSK7-9,抠,1
HSK7-9,窟,1
HSK7-9,垮,1
HSK7-9,挎,1
HSK7-9,跨,1
HSK7-9,筐,1
HSK7-9,旷,1
HSK7-9,框,1
HSK7-9,眶,1
HSK7-9,窥,1
HSK7-9,魁,1
HSK7-9,溃,1
HSK7-9,愧,1
HSK7-9,捆,1
HSK7-9,廓,1
HSK7-9,喇,1
HSK7-9,腊,1
HSK7-9,蜡,1
HSK7-9,睐,1
HSK7-9,婪,1
HSK7-9,澜,1
HSK7-9,揽,1
HSK7-9,缆,1
HSK7-9,滥,1
HSK7-9,捞,1
HSK7-9,唠,1
HSK7-9,涝,1
HSK7-9,酪,1
HSK7-9,勒,1
HSK7-9,垒,1
HSK7-9,磊,1
HSK7-9,蕾,1
HSK7-9,棱,1
HSK7-9,愣,1
HSK7-9,狸,1
HSK7-9,黎,1
HSK7-9,鲤,1
HSK7-9,吏,1
HSK7-9,隶,1
HSK7-9,莉,1
HSK7-9,莅,1
HSK7-9,帘,1
HSK7-9,莲,1
HSK7-9,廉,1
HSK7-9,敛,1
HSK7-9,辽,1
HSK7-9,僚,1
HSK7-9,寥,1
HSK7-9,潦,1
HSK7-9,咧,1
HSK7-9,猎,1
HSK7-9,裂,1
HSK7-9,拎,1
HSK7-9,麟,1
HSK7-9,吝,1
HSK7-9,赁,1
HSK7-9,陵,1
HSK7-9,聆,1
HSK7-9,岭,1
HSK7-9,溜,1
HSK7-9,瘤,1
HSK7-9,柳,1
HSK7-9,遛,1
HSK7-9,咙,1
HSK7-9,胧,1
HSK7-9,聋,1
HSK7-9,隆,1
HSK7-9,窿,1
HSK7-9,拢,1
HSK7-9,垄,1
HSK7-9,搂,1
HSK7-9,陋,1
HSK7-9,炉,1
HSK7-9,卤,1
HSK7-9,虏,1
HSK7-9,鲁,1
HSK7-9,赂,1
HSK7-9,鹿,1
HSK7-9,孪,1
HSK7-9,卵,1
HSK7-9,抡,1
HSK7-9,伦,1
HSK7-9,啰,1
HSK7-9,罗,1
HSK7-9,萝,1
HSK7-9,螺,1
HSK7-9,裸,1
HSK7-9,侣,1
HSK7-9,屡,1
HSK7-9,缕,1
HSK7-9,滤,1
HSK7-9,掠,1
HSK7-9,脉,1
HSK7-9,蛮,1
HSK7-9,瞒,1
HSK7-9,蔓,1
HSK7-9,芒,1
HSK7-9,氓,1
HSK7-9,茫,1
HSK7-9,莽,1
HSK7-9,髦,1
HSK7-9,茂,1
HSK7-9,枚,1
HSK7-9,霉,1
HSK7-9,昧,1
HSK7-9,寐,1
HSK7-9,媚,1
HSK7-9,闷,1
HSK7-9,萌,1
HSK7-9,蒙,1
HSK7-9,盟,1
HSK7-9,朦,1
HSK7-9,猛,1
HSK7-9,眯,1
HSK7-9,谜,1
HSK7-9,觅,1
HSK7-9,泌,1
HSK7-9,绵,1
HSK7-9,缅,1
HSK7-9,腼,1
HSK7-9,苗,1
HSK7-9,瞄,1
HSK7-9,渺,1
HSK7-9,藐,1
HSK7-9,庙,1
HSK7-9,蔑,1
HSK7-9,鸣,1
HSK7-9,铭,1
HSK7-9,谬,1
HSK7-9,膜,1
HSK7-9,磨,1
HSK7-9,蘑,1
HSK7-9,魔,1
HSK7-9,抹,1
HSK7-9,茉,1
HSK7-9,沫,1
HSK7-9,莫,1
HSK7-9,墨,1
HSK7-9,谋,1
HSK7-9,牡,1
HSK7-9,亩,1
HSK7-9,拇,1
HSK7-9,姆,1
HSK7-9,沐,1
HSK7-9,牧,1
HSK7-9,募,1
HSK7-9,墓,1
HSK7-9,睦,1
HSK7-9,暮,1
HSK7-9,呐,1
HSK7-9,乃,1
HSK7-9,囊,1
HSK7-9,挠,1
HSK7-9,馁,1
HSK7-9,嫩,1
HSK7-9,逆,1
HSK7-9,匿,1
HSK7-9,腻,1
HSK7-9,溺,1
HSK7-9,黏,1
HSK7-9,撵,1
HSK7-9,酿,1
HSK7-9,尿,1
HSK7-9,捏,1
HSK7-9,宁,1
HSK7-9,拧,1
HSK7-9,凝,1
HSK7-9,泞,1
HSK7-9,纽,1
HSK7-9,钮,1
HSK7-9,奴,1
HSK7-9,虐,1
HSK7-9,挪,1
HSK7-9,殴,1
HSK7-9,呕,1
HSK7-9,趴,1
HSK7-9,帕,1
HSK7-9,徘,1
HSK7-9,湃,1
HSK7-9,攀,1
HSK7-9,叛,1
HSK7-9,畔,1
HSK7-9,螃,1
HSK7-9,刨,1
HSK7-9,袍,1
HSK7-9,炮,1
HSK7-9,胚,1
HSK7-9,沛,1
HSK7-9,抨,1
HSK7-9,烹,1
HSK7-9,棚,1
HSK7-9,蓬,1
HSK7-9,鹏,1
HSK7-9,澎,1
HSK7-9,篷,1
HSK7-9,膨,1
HSK7-9,劈,1
HSK7-9,屁,1
HSK7-9,辟,1
HSK7-9,媲,1
HSK7-9,僻,1
HSK7-9,譬,1
HSK7-9,偏,1
HSK7-9,撇,1
HSK7-9,坪,1
HSK7-9,萍,1
HSK7-9,泊,1
HSK7-9,颇,1
HSK7-9,粕,1
HSK7-9,魄,1
HSK7-9,剖,1
HSK7-9,仆,1
HSK7-9,菩,1
HSK7-9,谱,1
HSK7-9,瀑,1
HSK7-9,曝,1
HSK7-9,沏,1
HSK7-9,栖,1
HSK7-9,凄,1
HSK7-9,漆,1
HSK7-9,蹊,1
HSK7-9,歧,1
HSK7-9,祈,1
HSK7-9,崎,1
HSK7-9,乞,1
HSK7-9,岂,1
HSK7-9,迄,1
HSK7-9,泣,1
HSK7-9,契,1
HSK7-9,砌,1
HSK7-9,掐,1
HSK7-9,洽,1
HSK7-9,迁,1
HSK7-9,虔,1
HSK7-9,遣,1
HSK7-9,谴,1
HSK7-9,嵌,1
HSK7-9,呛,1
HSK7-9,跷,1
HSK7-9,侨,1
HSK7-9,憔,1
HSK7-9,俏,1
HSK7-9,峭,1
HSK7-9,窍,1
HSK7-9,翘,1
HSK7-9,撬,1
HSK7-9,怯,1
HSK7-9,窃,1
HSK7-9,惬,1
HSK7-9,锲,1
HSK7-9,钦,1
HSK7-9,侵,1
HSK7-9,禽,1
HSK7-9,寝,1
HSK7-9,擎,1
HSK7-9,顷,1
HSK7-9,丘,1
HSK7-9,囚,1
HSK7-9,岖,1
HSK7-9,驱,1
HSK7-9,躯,1
HSK7-9,诠,1
HSK7-9,拳,1
HSK7-9,犬,1
HSK7-9,瘸,1
HSK7-9,雀,1
HSK7-9,攘,1
HSK7-9,嚷,1
HSK7-9,饶,1
HSK7-9,惹,1
HSK7-9,仁,1
HSK7-9,韧,1
HSK7-9,饪,1
HSK7-9,溶,1
HSK7-9,冗,1
HSK7-9,揉,1
HSK7-9,乳,1
HSK7-9,辱,1
HSK7-9,锐,1
HSK7-9,瑞,1
HSK7-9,若,1
HSK7-9,萨,1
HSK7-9,桑,1
HSK7-9,骚,1
HSK7-9,嫂,1
HSK7-9,涩,1
HSK7-9,啬,1
HSK7-9,僧,1
HSK7-9,纱,1
HSK7-9,煽,1
HSK7-9,膳,1
HSK7-9,赡,1
HSK7-9,裳,1
HSK7-9,捎,1
HSK7-9,梢,1
HSK7-9,哨,1
HSK7-9,奢,1
HSK7-9,慑,1
HSK7-9,呻,1
HSK7-9,绅,1
HSK7-9,肾,1
HSK7-9,渗,1
HSK7-9,牲,1
HSK7-9,绳,1
HSK7-9,圣,1
HSK7-9,尸,1
HSK7-9,蚀,1
HSK7-9,矢,1
HSK7-9,屎,1
HSK7-9,侍,1
HSK7-9,逝,1
HSK7-9,嗜,1
HSK7-9,誓,1
HSK7-9,兽,1
HSK7-9,抒,1
HSK7-9,枢,1
HSK7-9,梳,1
HSK7-9,疏,1
HSK7-9,赎,1
HSK7-9,署,1
HSK7-9,曙,1
HSK7-9,恕,1
HSK7-9,墅,1
HSK7-9,耍,1
HSK7-9,甩,1
HSK7-9,拴,1
HSK7-9,涮,1
HSK7-9,霜,1
HSK7-9,爽,1
HSK7-9,烁,1
HSK7-9,丝,1
HSK7-9,撕,1
HSK7-9,寺,1
HSK7-9,祀,1
HSK7-9,饲,1
HSK7-9,肆,1
HSK7-9,怂,1
HSK7-9,耸,1
HSK7-9,讼,1
HSK7-9,诵,1
HSK7-9,颂,1
HSK7-9,苏,1
HSK7-9,酥,1
HSK7-9,溯,1
HSK7-9,蒜,1
HSK7-9,髓,1
HSK7-9,隧,1
HSK7-9,邃,1
HSK7-9,唆,1
HSK7-9,梭,1
HSK7-9,嗦,1
HSK7-9,琐,1
HSK7-9,塌,1
HSK7-9,拓,1
HSK7-9,蹋,1
HSK7-9,胎,1
HSK7-9,泰,1
HSK7-9,贪,1
HSK7-9,摊,1
HSK7-9,滩,1
HSK7-9,瘫,1
HSK7-9,痰,1
HSK7-9,潭,1
HSK7-9,坦,1
HSK7-9,毯,1
HSK7-9,叹,1
HSK7-9,炭,1
HSK7-9,唐,1
HSK7-9,塘,1
HSK7-9,膛,1
HSK7-9,倘,1
HSK7-9,淌,1
HSK7-9,涛,1
HSK7-9,滔,1
HSK7-9,陶,1
HSK7-9,腾,1
HSK7-9,藤,1
HSK7-9,剔,1
HSK7-9,屉,1
HSK7-9,剃,1
HSK7-9,涕,1
HSK7-9,惕,1
HSK7-9,嚏,1
HSK7-9,腆,1
HSK7-9,舔,1
HSK7-9,眺,1
HSK7-9,帖,1
HSK7-9,廷,1
HSK7-9,亭,1
HSK7-9,艇,1
HSK7-9,捅,1
HSK7-9,凸,1
HSK7-9,秃,1
HSK7-9,涂,1
HSK7-9,屠,1
HSK7-9,颓,1
HSK7-9,豚,1
HSK7-9,臀,1
HSK7-9,驮,1
HSK7-9,妥,1
HSK7-9,椭,1
HSK7-9,唾,1
HSK7-9,蛙,1
HSK7-9,瓦,1
HSK7-9,湾,1
HSK7-9,丸,1
HSK7-9,挽,1
HSK7-9,惋,1
HSK7-9,婉,1
HSK7-9,腕,1
HSK7-9,汪,1
HSK7-9,枉,1
HSK7-9,妄,1
HSK7-9,旺,1
HSK7-9,帷,1
HSK7-9,伪,1
HSK7-9,纬,1
HSK7-9,萎,1
HSK7-9,畏,1
HSK7-9,蔚,1
HSK7-9,瘟,1
HSK7-9,纹,1
HSK7-9,蚊,1
HSK7-9,吻,1
HSK7-9,紊,1
HSK7-9,翁,1
HSK7-9,涡,1
HSK7-9,窝,1
HSK7-9,幄,1
HSK7-9,呜,1
HSK7-9,诬,1
HSK7-9,侮,1
HSK7-9,捂,1
HSK7-9,兀,1
HSK7-9,勿,1
HSK7-9,悟,1
HSK7-9,晤,1
HSK7-9,昔,1
HSK7-9,牺,1
HSK7-9,奚,1
HSK7-9,稀,1
HSK7-9,犀,1
HSK7-9,锡,1
HSK7-9,溪,1
HSK7-9,熙,1
HSK7-9,熄,1
HSK7-9,膝,1
HSK7-9,嬉,1
HSK7-9,袭,1
HSK7-9,徙,1
HSK7-9,隙,1
HSK7-9,虾,1
HSK7-9,瞎,1
HSK7-9,侠,1
HSK7-9,峡,1
HSK7-9,狭,1
HSK7-9,瑕,1
HSK7-9,辖,1
HSK7-9,霞,1
HSK7-9,仙,1
HSK7-9,纤,1
HSK7-9,掀,1
HSK7-9,贤,1
HSK7-9,弦,1
HSK7-9,衔,1
HSK7-9,宪,1
HSK7-9,馅,1
HSK7-9,镶,1
HSK7-9,翔,1
HSK7-9,巷,1
HSK7-9,萧,1
HSK7-9,潇,1
HSK7-9,嚣,1
HSK7-9,淆,1
HSK7-9,晓,1
HSK7-9,孝,1
HSK7-9,啸,1
HSK7-9,邪,1
HSK7-9,挟,1
HSK7-9,泄,1
HSK7-9,泻,1
HSK7-9,卸,1
HSK7-9,屑,1
HSK7-9,懈,1
HSK7-9,蟹,1
HSK7-9,芯,1
HSK7-9,馨,1
HSK7-9,衅,1
HSK7-9,猩,1
HSK7-9,腥,1
HSK7-9,刑,1
HSK7-9,凶,1
HSK7-9,汹,1
HSK7-9,朽,1
HSK7-9,绣,1
HSK7-9,锈,1
HSK7-9,嗅,1
HSK7-9,吁,1
HSK7-9,墟,1
HSK7-9,徐,1
HSK7-9,旭,1
HSK7-9,恤,1
HSK7-9,酗,1
HSK7-9,絮,1
HSK7-9,婿,1
HSK7-9,喧,1
HSK7-9,暄,1
HSK7-9,玄,1
HSK7-9,悬,1
HSK7-9,炫,1
HSK7-9,削,1
HSK7-9,靴,1
HSK7-9,穴,1
HSK7-9,勋,1
HSK7-9,熏,1
HSK7-9,巡,1
HSK7-9,汛,1
HSK7-9,驯,1
HSK7-9,逊,1
HSK7-9,丫,1
HSK7-9,鸦,1
HSK7-9,芽,1
HSK7-9,崖,1
HSK7-9,涯,1
HSK7-9,哑,1
HSK7-9,雅,1
HSK7-9,揠,1
HSK7-9,岩,1
HSK7-9,阎,1
HSK7-9,檐,1
HSK7-9,衍,1
HSK7-9,掩,1
HSK7-9,咽,1
HSK7-9,雁,1
HSK7-9,焰,1
HSK7-9,燕,1
HSK7-9,殃,1
HSK7-9,秧,1
HSK7-9,杨,1
HSK7-9,漾,1
HSK7-9,妖,1
HSK7-9,肴,1
HSK7-9,窑,1
HSK7-9,谣,1
HSK7-9,耀,1
HSK7-9,椰,1
HSK7-9,冶,1
HSK7-9,夷,1
HSK7-9,怡,1
HSK7-9,矣,1
HSK7-9,倚,1
HSK7-9,屹,1
HSK7-9,亦,1
HSK7-9,役,1
HSK7-9,绎,1
HSK7-9,弈,1
HSK7-9,逸,1
HSK7-9,裔,1
HSK7-9,溢,1
HSK7-9,毅,1
HSK7-9,翼,1
HSK7-9,荫,1
HSK7-9,殷,1
HSK7-9,吟,1
HSK7-9,瘾,1
HSK7-9,鹰,1
HSK7-9,荧,1
HSK7-9,盈,1
HSK7-9,莹,1
HSK7-9,蝇,1
HSK7-9,佣,1
HSK7-9,庸,1
HSK7-9,恿,1
HSK7-9,踊,1
HSK7-9,佑,1
HSK7-9,诱,1
HSK7-9,淤,1
HSK7-9,渔,1
HSK7-9,逾,1
HSK7-9,愚,1
HSK7-9,舆,1
HSK7-9,屿,1
HSK7-9,宇,1
HSK7-9,驭,1
HSK7-9,郁,1
HSK7-9,狱,1
HSK7-9,御,1
HSK7-9,愈,1
HSK7-9,冤,1
HSK7-9,渊,1
HSK7-9,缘,1
HSK7-9,辕,1
HSK7-9,曰,1
HSK7-9,岳,1
HSK7-9,悦,1
HSK7-9,耘,1
HSK7-9,陨,1
HSK7-9,酝,1
HSK7-9,韵,1
HSK7-9,蕴,1
HSK7-9,熨,1
HSK7-9,砸,1
HSK7-9,栽,1
HSK7-9,宰,1
HSK7-9,攒,1
HSK7-9,赃,1
HSK7-9,葬,1
HSK7-9,凿,1
HSK7-9,枣,1
HSK7-9,藻,1
HSK7-9,皂,1
HSK7-9,灶,1
HSK7-9,躁,1
HSK7-9,泽,1
HSK7-9,贼,1
HSK7-9,渣,1
HSK7-9,闸,1
HSK7-9,眨,1
HSK7-9,诈,1
HSK7-9,榨,1
HSK7-9,债,1
HSK7-9,寨,1
HSK7-9,沾,1
HSK7-9,瞻,1
HSK7-9,斩,1
HSK7-9,盏,1
HSK7-9,辗,1
HSK7-9,绽,1
HSK7-9,湛,1
HSK7-9,蘸,1
HSK7-9,彰,1
HSK7-9,杖,1
HSK7-9,帐,1
HSK7-9,胀,1
HSK7-9,爪,1
HSK7-9,沼,1
HSK7-9,兆,1
HSK7-9,罩,1
HSK7-9,肇,1
HSK7-9,遮,1
HSK7-9,辙,1
HSK7-9,贞,1
HSK7-9,侦,1
HSK7-9,斟,1
HSK7-9,振,1
HSK7-9,筝,1
HSK7-9,蒸,1
HSK7-9,拯,1
HSK7-9,郑,1
HSK7-9,芝,1
HSK7-9,肢,1
HSK7-9,旨,1
HSK7-9,帜,1
HSK7-9,峙,1
HSK7-9,挚,1
HSK7-9,掷,1
HSK7-9,窒,1
HSK7-9,滞,1
HSK7-9,稚,1
HSK7-9,忠,1
HSK7-9,衷,1
HSK7-9,仲,1
HSK7-9,舟,1
HSK7-9,轴,1
HSK7-9,帚,1
HSK7-9,宙,1
HSK7-9,昼,1
HSK7-9,皱,1
HSK7-9,朱,1
HSK7-9,烛,1
HSK7-9,拄,1
HSK7-9,嘱,1
HSK7-9,瞩,1
HSK7-9,贮,1
HSK7-9,驻,1
HSK7-9,柱,1
HSK7-9,蛀,1
HSK7-9,铸,1
HSK7-9,拽,1
HSK7-9,撰,1
HSK7-9,桩,1
HSK7-9,坠,1
HSK7-9,缀,1
HSK7-9,赘,1
HSK7-9,拙,1
HSK7-9,灼,1
HSK7-9,茁,1
HSK7-9,卓,1
HSK7-9,浊,1
HSK7-9,酌,1
HSK7-9,兹,1
HSK7-9,滋,1
HSK7-9,籽,1
HSK7-9,宗,1
HSK7-9,纵,1
HSK7-9,揍,1
HSK7-9,琢,1
HSK2,爱,2
HSK2,八,2
HSK2,爸,2
HSK2,百,2
HSK2,半,2
HSK2,比,2
HSK2,边,2
HSK2,不,2
HSK2,茶,2
HSK2,打,2
HSK2,大,2
HSK2,地,2
HSK2,的,2
HSK2,点,2
HSK2,对,2
HSK2,多,2
HSK2,儿,2
HSK2,二,2
HSK2,分,2
HSK2,哥,2
HSK2,个,2
HSK2,工,2
HSK2,口,2
HSK2,国,2
HSK2,过,2
HSK2,还,2
HSK2,汉,2
HSK2,好,2
HSK2,和,2
HSK2,很,2
HSK2,后,2
HSK2,会,2
HSK2,几,2
HSK2,家,2
HSK2,间,2
HSK2,叫,2
HSK2,姐,2
HSK2,今,2
HSK2,男,2
HSK2,九,2
HSK2,可,2
HSK2,来,2
HSK2,了,2
HSK2,两,2
HSK2,六,2
HSK2,妈,2
HSK2,吗,2
HSK2,么,2
HSK2,没,2
HSK2,们,2
HSK2,名,2
HSK2,那,2
HSK2,你,2
HSK2,年,2
HSK2,七,2
HSK2,去,2
HSK2,人,2
HSK2,日,2
HSK2,三,2
HSK2,少,2
HSK2,上,2
HSK2,什,2
HSK2,生,2
HSK2,十,2
HSK2,时,2
HSK2,是,2
HSK2,书,2
HSK2,说,2
HSK2,四,2
HSK2,岁,2
HSK2,他,2
HSK2,她,2
HSK2,天,2
HSK2,同,2
HSK2,为,2
HSK2,文,2
HSK2,我,2
HSK2,五,2
HSK2,午,2
HSK2,习,2
HSK2,下,2
HSK2,小,2
HSK2,现,2
HSK2,写,2
HSK2,学,2
HSK2,要,2
HSK2,也,2
HSK2,一,2
HSK2,以,2
HSK2,有,2
HSK2,语,2
HSK2,月,2
HSK2,在,2
HSK2,长,2
HSK2,这,2
HSK2,中,2
HSK2,子,2
HSK2,女,2
HSK2,字,2
HSK2,作,2
HSK3,安,2
HSK3,把,2
HSK3,般,2
HSK3,板,2
HSK3,办,2
HSK3,饱,2
HSK3,报,2
HSK3,北,2
HSK3,被,2
HSK3,必,2
HSK3,变,2
HSK3,冰,2
HSK3,才,2
HSK3,参,2
HSK3,草,2
HSK3,层,2
HSK3,查,2
HSK3,差,2
HSK3,成,2
HSK3,城,2
HSK3,除,2
HSK3,处,2
HSK3,春,2
HSK3,答,2
HSK3,带,2
HSK3,单,2
HSK3,当,2
HSK3,灯,2
HSK3,典,2
HSK3,调,2
HSK3,定,2
HSK3,丢,2
HSK3,冬,2
HSK3,段,2
HSK3,而,2
HSK3,耳,2
HSK3,发,2
HSK3,法,2
HSK3,方,2
HSK3,放,2
HSK3,风,2
HSK3,复,2
HSK3,该,2
HSK3,干,2
HSK3,刚,2
HSK3,更,2
HSK3,共,2
HSK3,故,2
HSK3,瓜,2
HSK3,海,2
HSK3,合,2
HSK3,河,2
HSK3,护,2
HSK3,化,2
HSK3,换,2
HSK3,活,2
HSK3,或,2
HSK3,级,2
HSK3,急,2
HSK3,加,2
HSK3,假,2
HSK3,讲,2
HSK3,角,2
HSK3,饺,2
HSK3,节,2
HSK3,结,2
HSK3,借,2
HSK3,斤,2
HSK3,净,2
HSK3,久,2
HSK3,句,2
HSK3,卡,2
HSK3,渴,2
HSK3,刻,2
HSK3,空,2
HSK3,哭,2
HSK3,礼,2
HSK3,李,2
HSK3,力,2
HSK3,练,2
HSK3,凉,2
HSK3,马,2
HSK3,毛,2
HSK3,目,2
HSK3,南,2
HSK3,难,2
HSK3,努,2
HSK3,怕,2
HSK3,胖,2
HSK3,片,2
HSK3,平,2
HSK3,瓶,2
HSK3,其,2
HSK3,汽,2
HSK3,且,2
HSK3,轻,2
HSK3,秋,2
HSK3,求,2
HSK3,区,2
HSK3,全,2
HSK3,如,2
HSK3,伞,2
HSK3,山,2
HSK3,勺,2
HSK3,声,2
HSK3,实,2
HSK3,适,2
HSK3,收,2
HSK3,受,2
HSK3,树,2
HSK3,特,2
HSK3,挺,2
HSK3,图,2
HSK3,闻,2
HSK3,务,2
HSK3,物,2
HSK3,夏,2
HSK3,相,2
HSK3,香,2
HSK3,响,2
HSK3,向,2
HSK3,心,2
HSK3,信,2
HSK3,行,2
HSK3,须,2
HSK3,选,2
HSK3,牙,2
HSK3,言,2
HSK3,羊,2
HSK3,阳,2
HSK3,养,2
HSK3,业,2
HSK3,页,2
HSK3,音,2
HSK3,饮,2
HSK3,应,2
HSK3,用,2
HSK3,又,2
HSK3,于,2
HSK3,育,2
HSK3,咱,2
HSK3,张,2
HSK3,者,2
HSK3,直,2
HSK3,纸,2
HSK3,种,2
HSK3,重,2
HSK3,主,2
HSK3,助,2
HSK3,总,2
HSK4,巴,2
HSK4,保,2
HSK4,抱,2
HSK4,背,2
HSK4,标,2
HSK4,并,2
HSK4,部,2
HSK4,餐,2
HSK4,产,2
HSK4,厂,2
HSK4,晨,2
HSK4,程,2
HSK4,吹,2
HSK4,此,2
HSK4,村,2
HSK4,达,2
HSK4,刀,2
HSK4,导,2
HSK4,倒,2
HSK4,低,2
HSK4,掉,2
HSK4,度,2
HSK4,断,2
HSK4,队,2
HSK4,烦,2
HSK4,反,2
HSK4,份,2
HSK4,否,2
HSK4,父,2
HSK4,改,2
HSK4,敢,2
HSK4,各,2
HSK4,够,2
HSK4,挂,2
HSK4,观,2
HSK4,管,2
HSK4,广,2
HSK4,喊,2
HSK4,忽,2
HSK4,虎,2
HSK4,划,2
HSK4,基,2
HSK4,及,2
HSK4,计,2
HSK4,技,2
HSK4,际,2
HSK4,济,2
HSK4,寄,2
HSK4,建,2
HSK4,江,2
HSK4,将,2
HSK4,金,2
HSK4,京,2
HSK4,究,2
HSK4,举,2
HSK4,科,2
HSK4,克,2
HSK4,况,2
HSK4,困,2
HSK4,拉,2
HSK4,利,2
HSK4,例,2
HSK4,俩,2
HSK4,连,2
HSK4,联,2
HSK4,量,2
HSK4,另,2
HSK4,流,2
HSK4,论,2
HSK4,麻,2
HSK4,美,2
HSK4,民,2
HSK4,内,2
HSK4,农,2
HSK4,弄,2
HSK4,排,2
HSK4,牌,2
HSK4,篇,2
HSK4,品,2
HSK4,普,2
HSK4,强,2
HSK4,青,2
HSK4,取,2
HSK4,确,2
HSK4,任,2
HSK4,扔,2
HSK4,入,2
HSK4,社,2
HSK4,深,2
HSK4,省,2
HSK4,食,2
HSK4,使,2
HSK4,示,2
HSK4,式,2
HSK4,输,2
HSK4,熟,2
HSK4,术,2
HSK4,顺,2
HSK4,随,2
HSK4,台,2
HSK4,态,2
HSK4,谈,2
HSK4,汤,2
HSK4,堂,2
HSK4,讨,2
HSK4,套,2
HSK4,庭,2
HSK4,停,2
HSK4,通,2
HSK4,痛,2
HSK4,土,2
HSK4,推,2
HSK4,味,2
HSK4,温,2
HSK4,无,2
HSK4,误,2
HSK4,线,2
HSK4,象,2
HSK4,性,2
HSK4,兄,2
HSK4,许,2
HSK4,血,2
HSK4,压,2
HSK4,亚,2
HSK4,研,2
HSK4,验,2
HSK4,夜,2
HSK4,印,2
HSK4,永,2
HSK4,由,2
HSK4,油,2
HSK4,与,2
HSK4,原,2
HSK4,约,2
HSK4,云,2
HSK4,增,2
HSK4,章,2
HSK4,之,2
HSK4,支,2
HSK4,止,2
HSK4,指,2
HSK4,至,2
HSK4,志,2
HSK4,众,2
HSK4,专,2
HSK4,转,2
HSK4,装,2
HSK4,资,2
HSK4,组,2
HSK4,座,2
HSK5,版,2
HSK5,扮,2
HSK5,伴,2
HSK5,宝,2
HSK5,贝,2
HSK5,币,2
HSK5,闭,2
HSK5,补,2
HSK5,布,2
HSK5,采,2
HSK5,册,2
HSK5,测,2
HSK5,叉,2
HSK5,吵,2
HSK5,沉,2
HSK5,称,2
HSK5,承,2
HSK5,尺,2
HSK5,冲,2
HSK5,充,2
HSK5,虫,2
HSK5,抽,2
HSK5,丑,2
HSK5,臭,2
HSK5,传,2
HSK5,创,2
HSK5,代,2
HSK5,胆,2
HSK5,旦,2
HSK5,挡,2
HSK5,敌,2
HSK5,冻,2
HSK5,斗,2
HSK5,豆,2
HSK5,独,2
HSK5,吨,2
HSK5,范,2
HSK5,防,2
HSK5,访,2
HSK5,疯,2
HSK5,佛,2
HSK5,府,2
HSK5,妇,2
HSK5,搞,2
HSK5,贡,2
HSK5,构,2
HSK5,古,2
HSK5,柜,2
HSK5,哈,2
HSK5,含,2
HSK5,胡,2
HSK5,湖,2
HSK5,华,2
HSK5,挥,2
HSK5,挤,2
HSK5,甲,2
HSK5,架,2
HSK5,艰,2
HSK5,局,2
HSK5,巨,2
HSK5,军,2
HSK5,均,2
HSK5,靠,2
HSK5,宽,2
HSK5,亏,2
HSK5,括,2
HSK5,劳,2
HSK5,泪,2
HSK5,类,2
HSK5,立,2
HSK5,良,2
HSK5,疗,2
HSK5,烈,2
HSK5,领,2
HSK5,令,2
HSK5,龙,2
HSK5,陆,2
HSK5,录,2
HSK5,骂,2
HSK5,秘,2
HSK5,某,2
HSK5,念,2
HSK5,派,2
HSK5,配,2
HSK5,盆,2
HSK5,碰,2
HSK5,匹,2
HSK5,拼,2
HSK5,齐,2
HSK5,欠,2
HSK5,曲,2
HSK5,权,2
HSK5,劝,2
HSK5,忍,2
HSK5,晒,2
HSK5,舍,2
HSK5,设,2
HSK5,神,2
HSK5,升,2
HSK5,胜,2
HSK5,诗,2
HSK5,石,2
HSK5,似,2
HSK5,势,2
HSK5,守,2
HSK5,私,2
HSK5,素,2
HSK5,宿,2
HSK5,挑,2
HSK5,团,2
HSK5,退,2
HSK5,拖,2
HSK5,伟,2
HSK5,未,2
HSK5,胃,2
HSK5,武,2
HSK5,夕,2
HSK5,析,2
HSK5,席,2
HSK5,闲,2
HSK5,显,2
HSK5,县,2
HSK5,形,2
HSK5,宣,2
HSK5,寻,2
HSK5,训,2
HSK5,咬,2
HSK5,依,2
HSK5,乙,2
HSK5,亿,2
HSK5,义,2
HSK5,益,2
HSK5,映,2
HSK5,余,2
HSK5,玉,2
HSK5,圆,2
HSK5,载,2
HSK5,造,2
HSK5,占,2
HSK5,召,2
HSK5,政,2
HSK5,织,2
HSK5,制,2
HSK5,治,2
HSK5,致,2
HSK5,猪,2
HSK5,竹,2
HSK5,抓,2
HSK5,状,2
HSK5,追,2
HSK6,岸,2
HSK6,昂,2
HSK6,拔,2
HSK6,摆,2
HSK6,悲,2
HSK6,奔,2
HSK6,编,2
HSK6,兵,2
HSK6,财,2
HSK6,仓,2
HSK6,侧,2
HSK6,策,2
HSK6,肠,2
HSK6,畅,2
HSK6,抄,2
HSK6,臣,2
HSK6,尘,2
HSK6,呈,2
HSK6,愁,2
HSK6,串,2
HSK6,闯,2
HSK6,纯,2
HSK6,匆,2
HSK6,寸,2
HSK6,呆,2
HSK6,诞,2
HSK6,岛,2
HSK6,德,2
HSK6,抵,2
HSK6,吊,2
HSK6,顶,2
HSK6,夺,2
HSK6,恶,2
HSK6,帆,2
HSK6,凡,2
HSK6,犯,2
HSK6,妨,2
HSK6,肺,2
HSK6,氛,2
HSK6,奉,2
HSK6,辅,2
HSK6,肝,2
HSK6,岗,2
HSK6,攻,2
HSK6,巩,2
HSK6,孤,2
HSK6,股,2
HSK6,骨,2
HSK6,拐,2
HSK6,官,2
HSK6,贯,2
HSK6,归,2
HSK6,龟,2
HSK6,轨,2
HSK6,罕,2
HSK6,旱,2
HSK6,恨,2
HSK6,宏,2
HSK6,幻,2
HSK6,皇,2
HSK6,击,2
HSK6,饥,2
HSK6,吉,2
HSK6,夹,2
HSK6,尖,2
HSK6,肩,2
HSK6,杰,2
HSK6,戒,2
HSK6,劲,2
HSK6,井,2
HSK6,径,2
HSK6,纠,2
HSK6,刊,2
HSK6,抗,2
HSK6,夸,2
HSK6,兰,2
HSK6,拦,2
HSK6,牢,2
HSK6,雷,2
HSK6,劣,2
HSK6,轮,2
HSK6,迈,2
HSK6,麦,2
HSK6,盲,2
HSK6,贸,2
HSK6,妙,2
HSK6,灭,2
HSK6,纳,2
HSK6,泥,2
HSK6,拟,2
HSK6,扭,2
HSK6,盼,2
HSK6,抛,2
HSK6,泡,2
HSK6,佩,2
HSK6,披,2
HSK6,贫,2
HSK6,坡,2
HSK6,迫,2
HSK6,扑,2
HSK6,朴,2
HSK6,启,2
HSK6,枪,2
HSK6,瞧,2
HSK6,圈,2
HSK6,券,2
HSK6,丧,2
HSK6,杀,2
HSK6,闪,2
HSK6,尚,2
HSK6,舌,2
HSK6,审,2
HSK6,寿,2
HSK6,汰,2
HSK6,坛,2
HSK6,吐,2
HSK6,吞,2
HSK6,托,2
HSK6,亡,2
HSK6,委,2
HSK6,谓,2
HSK6,沃,2
HSK6,乌,2
HSK6,吓,2
HSK6,雄,2
HSK6,旬,2
HSK6,讯,2
HSK6,讶,2
HSK6,炎,2
HSK6,央,2
HSK6,仰,2
HSK6,仪,2
HSK6,异,2
HSK6,抑,2
HSK6,英,2
HSK6,忧,2
HSK6,予,2
HSK6,晕,2
HSK6,匀,2
HSK6,孕,2
HSK6,灾,2
HSK6,扎,2
HSK6,宅,2
HSK6,仗,2
HSK6,枝,2
HSK6,肿,2
HSK6,州,2
HSK6,妆,2
HSK6,庄,2
HSK6,壮,2
HSK7-9,挨,2
HSK7-9,癌,2
HSK7-9,疤,2
HSK7-9,坝,2
HSK7-9,罢,2
HSK7-9,掰,2
HSK7-9,扳,2
HSK7-9,颁,2
HSK7-9,拌,2
HSK7-9,绊,2
HSK7-9,绑,2
HSK7-9,磅,2
HSK7-9,煲,2
HSK7-9,卑,2
HSK7-9,碑,2
HSK7-9,绷,2
HSK7-9,蹦,2
HSK7-9,弊,2
HSK7-9,贬,2
HSK7-9,扁,2
HSK7-9,辨,2
HSK7-9,辩,2
HSK7-9,憋,2
HSK7-9,丙,2
HSK7-9,波,2
HSK7-9,剥,2
HSK7-9,伯,2
HSK7-9,勃,2
HSK7-9,搏,2
HSK7-9,卜,2
HSK7-9,怖,2
HSK7-9,惨,2
HSK7-9,灿,2
HSK7-9,蹭,2
HSK7-9,岔,2
HSK7-9,掺,2
HSK7-9,搀,2
HSK7-9,馋,2
HSK7-9,缠,2
HSK7-9,铲,2
HSK7-9,阐,2
HSK7-9,昌,2
HSK7-9,扯,2
HSK7-9,陈,2
HSK7-9,秤,2
HSK7-9,痴,2
HSK7-9,耻,2
HSK7-9,赤,2
HSK7-9,仇,2
HSK7-9,绸,2
HSK7-9,畴,2
HSK7-9,酬,2
HSK7-9,稠,2
HSK7-9,瞅,2
HSK7-9,锄,2
HSK7-9,揣,2
HSK7-9,踹,2
HSK7-9,喘,2
HSK7-9,幢,2
HSK7-9,捶,2
HSK7-9,锤,2
HSK7-9,蠢,2
HSK7-9,戳,2
HSK7-9,慈,2
HSK7-9,赐,2
HSK7-9,葱,2
HSK7-9,丛,2
HSK7-9,凑,2
HSK7-9,窜,2
HSK7-9,粹,2
HSK7-9,搓,2
HSK7-9,逮,2
HSK7-9,党,2
HSK7-9,荡,2
HSK7-9,盗,2
HSK7-9,蹬,2
HSK7-9,瞪,2
HSK7-9,堤,2
HSK7-9,颠,2
HSK7-9,垫,2
HSK7-9,淀,2
HSK7-9,奠,2
HSK7-9,叼,2
HSK7-9,雕,2
HSK7-9,爹,2
HSK7-9,叠,2
HSK7-9,碟,2
HSK7-9,丁,2
HSK7-9,盯,2
HSK7-9,钉,2
HSK7-9,董,2
HSK7-9,兜,2
HSK7-9,抖,2
HSK7-9,陡,2
HSK7-9,赌,2
HSK7-9,妒,2
HSK7-9,兑,2
HSK7-9,炖,2
HSK7-9,鹅,2
HSK7-9,遏,2
HSK7-9,恩,2
HSK7-9,伐,2
HSK7-9,废,2
HSK7-9,沸,2
HSK7-9,坟,2
HSK7-9,粪,2
HSK7-9,锋,2
HSK7-9,逢,2
HSK7-9,凤,2
HSK7-9,缝,2
HSK7-9,敷,2
HSK7-9,伏,2
HSK7-9,辐,2
HSK7-9,抚,2
HSK7-9,赴,2
HSK7-9,腹,2
HSK7-9,钙,2
HSK7-9,甘,2
HSK7-9,杆,2
HSK7-9,纲,2
HSK7-9,缸,2
HSK7-9,搁,2
HSK7-9,耕,2
HSK7-9,弓,2
HSK7-9,拱,2
HSK7-9,勾,2
HSK7-9,钩,2
HSK7-9,谷,2
HSK7-9,雇,2
HSK7-9,乖,2
HSK7-9,灌,2
HSK7-9,鬼,2
HSK7-9,函,2
HSK7-9,撼,2
HSK7-9,呵,2
HSK7-9,禾,2
HSK7-9,哼,2
HSK7-9,恒,2
HSK7-9,轰,2
HSK7-9,哄,2
HSK7-9,烘,2
HSK7-9,弘,2
HSK7-9,吼,2
HSK7-9,唤,2
HSK7-9,焕,2
HSK7-9,荒,2
HSK7-9,慌,2
HSK7-9,凰,2
HSK7-9,煌,2
HSK7-9,晃,2
HSK7-9,谎,2
HSK7-9,辉,2
HSK7-9,毁,2
HSK7-9,昏,2
HSK7-9,荤,2
HSK7-9,魂,2
HSK7-9,豁,2
HSK7-9,稽,2
HSK7-9,忌,2
HSK7-9,剂,2
HSK7-9,祭,2
HSK7-9,暨,2
HSK7-9,煎,2
HSK7-9,拣,2
HSK7-9,俭,2
HSK7-9,贱,2
HSK7-9,溅,2
HSK7-9,姜,2
HSK7-9,僵,2
HSK7-9,桨,2
HSK7-9,匠,2
HSK7-9,绞,2
HSK7-9,搅,2
HSK7-9,缴,2
HSK7-9,皆,2
HSK7-9,揭,2
HSK7-9,劫,2
HSK7-9,竭,2
HSK7-9,筋,2
HSK7-9,茎,2
HSK7-9,晶,2
HSK7-9,鲸,2
HSK7-9,揪,2
HSK7-9,倔,2
HSK7-9,掘,2
HSK7-9,崛,2
HSK7-9,嚼,2
HSK7-9,俊,2
HSK7-9,峻,2
HSK7-9,慨,2
HSK7-9,堪,2
HSK7-9,侃,2
HSK7-9,槛,2
HSK7-9,扛,2
HSK7-9,磕,2
HSK7-9,壳,2
HSK7-9,恳,2
HSK7-9,啃,2
HSK7-9,坑,2
HSK7-9,孔,2
HSK7-9,抠,2
HSK7-9,垮,2
HSK7-9,挎,2
HSK7-9,跨,2
HSK7-9,筐,2
HSK7-9,框,2
HSK7-9,愧,2
HSK7-9,捆,2
HSK7-9,蜡,2
HSK7-9,揽,2
HSK7-9,捞,2
HSK7-9,涝,2
HSK7-9,勒,2
HSK7-9,愣,2
HSK7-9,廉,2
HSK7-9,咧,2
HSK7-9,猎,2
HSK7-9,裂,2
HSK7-9,拎,2
HSK7-9,赁,2
HSK7-9,聆,2
HSK7-9,溜,2
HSK7-9,瘤,2
HSK7-9,遛,2
HSK7-9,聋,2
HSK7-9,隆,2
HSK7-9,搂,2
HSK7-9,陋,2
HSK7-9,鹿,2
HSK7-9,卵,2
HSK7-9,抡,2
HSK7-9,萝,2
HSK7-9,裸,2
HSK7-9,屡,2
HSK7-9,缕,2
HSK7-9,脉,2
HSK7-9,瞒,2
HSK7-9,蔓,2
HSK7-9,茫,2
HSK7-9,枚,2
HSK7-9,昧,2
HSK7-9,闷,2
HSK7-9,蒙,2
HSK7-9,盟,2
HSK7-9,猛,2
HSK7-9,眯,2
HSK7-9,谜,2
HSK7-9,泌,2
HSK7-9,苗,2
HSK7-9,庙,2
HSK7-9,蔑,2
HSK7-9,鸣,2
HSK7-9,膜,2
HSK7-9,磨,2
HSK7-9,魔,2
HSK7-9,抹,2
HSK7-9,莫,2
HSK7-9,墨,2
HSK7-9,谋,2
HSK7-9,亩,2
HSK7-9,牧,2
HSK7-9,募,2
HSK7-9,墓,2
HSK7-9,乃,2
HSK7-9,挠,2
HSK7-9,嫩,2
HSK7-9,逆,2
HSK7-9,腻,2
HSK7-9,黏,2
HSK7-9,撵,2
HSK7-9,尿,2
HSK7-9,捏,2
HSK7-9,宁,2
HSK7-9,凝,2
HSK7-9,纽,2
HSK7-9,钮,2
HSK7-9,挪,2
HSK7-9,趴,2
HSK7-9,攀,2
HSK7-9,畔,2
HSK7-9,刨,2
HSK7-9,炮,2
HSK7-9,烹,2
HSK7-9,棚,2
HSK7-9,蓬,2
HSK7-9,劈,2
HSK7-9,辟,2
HSK7-9,偏,2
HSK7-9,泊,2
HSK7-9,颇,2
HSK7-9,魄,2
HSK7-9,谱,2
HSK7-9,曝,2
HSK7-9,沏,2
HSK7-9,漆,2
HSK7-9,乞,2
HSK7-9,契,2
HSK7-9,掐,2
HSK7-9,迁,2
HSK7-9,呛,2
HSK7-9,翘,2
HSK7-9,撬,2
HSK7-9,侵,2
HSK7-9,擎,2
HSK7-9,驱,2
HSK7-9,诠,2
HSK7-9,拳,2
HSK7-9,瘸,2
HSK7-9,嚷,2
HSK7-9,饶,2
HSK7-9,惹,2
HSK7-9,仁,2
HSK7-9,饪,2
HSK7-9,揉,2
HSK7-9,若,2
HSK7-9,桑,2
HSK7-9,骚,2
HSK7-9,纱,2
HSK7-9,捎,2
HSK7-9,哨,2
HSK7-9,肾,2
HSK7-9,渗,2
HSK7-9,牲,2
HSK7-9,圣,2
HSK7-9,屎,2
HSK7-9,逝,2
HSK7-9,梳,2
HSK7-9,疏,2
HSK7-9,赎,2
HSK7-9,署,2
HSK7-9,墅,2
HSK7-9,耍,2
HSK7-9,甩,2
HSK7-9,拴,2
HSK7-9,涮,2
HSK7-9,霜,2
HSK7-9,爽,2
HSK7-9,丝,2
HSK7-9,撕,2
HSK7-9,寺,2
HSK7-9,肆,2
HSK7-9,耸,2
HSK7-9,讼,2
HSK7-9,苏,2
HSK7-9,酥,2
HSK7-9,蒜,2
HSK7-9,塌,2
HSK7-9,拓,2
HSK7-9,胎,2
HSK7-9,贪,2
HSK7-9,摊,2
HSK7-9,滩,2
HSK7-9,瘫,2
HSK7-9,痰,2
HSK7-9,坦,2
HSK7-9,叹,2
HSK7-9,炭,2
HSK7-9,淌,2
HSK7-9,陶,2
HSK7-9,腾,2
HSK7-9,剃,2
HSK7-9,舔,2
HSK7-9,捅,2
HSK7-9,凸,2
HSK7-9,秃,2
HSK7-9,涂,2
HSK7-9,臀,2
HSK7-9,驮,2
HSK7-9,妥,2
HSK7-9,瓦,2
HSK7-9,丸,2
HSK7-9,挽,2
HSK7-9,旺,2
HSK7-9,伪,2
HSK7-9,畏,2
HSK7-9,纹,2
HSK7-9,吻,2
HSK7-9,窝,2
HSK7-9,捂,2
HSK7-9,勿,2
HSK7-9,悟,2
HSK7-9,牺,2
HSK7-9,稀,2
HSK7-9,溪,2
HSK7-9,袭,2
HSK7-9,虾,2
HSK7-9,瞎,2
HSK7-9,峡,2
HSK7-9,狭,2
HSK7-9,辖,2
HSK7-9,仙,2
HSK7-9,纤,2
HSK7-9,掀,2
HSK7-9,弦,2
HSK7-9,衔,2
HSK7-9,宪,2
HSK7-9,镶,2
HSK7-9,巷,2
HSK7-9,邪,2
HSK7-9,泄,2
HSK7-9,泻,2
HSK7-9,卸,2
HSK7-9,懈,2
HSK7-9,馨,2
HSK7-9,腥,2
HSK7-9,刑,2
HSK7-9,凶,2
HSK7-9,绣,2
HSK7-9,锈,2
HSK7-9,嗅,2
HSK7-9,吁,2
HSK7-9,玄,2
HSK7-9,悬,2
HSK7-9,削,2
HSK7-9,穴,2
HSK7-9,熏,2
HSK7-9,巡,2
HSK7-9,驯,2
HSK7-9,芽,2
HSK7-9,涯,2
HSK7-9,哑,2
HSK7-9,雅,2
HSK7-9,衍,2
HSK7-9,掩,2
HSK7-9,咽,2
HSK7-9,窑,2
HSK7-9,耀,2
HSK7-9,矣,2
HSK7-9,倚,2
HSK7-9,亦,2
HSK7-9,役,2
HSK7-9,绎,2
HSK7-9,溢,2
HSK7-9,翼,2
HSK7-9,瘾,2
HSK7-9,鹰,2
HSK7-9,盈,2
HSK7-9,庸,2
HSK7-9,诱,2
HSK7-9,愚,2
HSK7-9,舆,2
HSK7-9,屿,2
HSK7-9,宇,2
HSK7-9,郁,2
HSK7-9,御,2
HSK7-9,愈,2
HSK7-9,冤,2
HSK7-9,缘,2
HSK7-9,曰,2
HSK7-9,悦,2
HSK7-9,蕴,2
HSK7-9,熨,2
HSK7-9,砸,2
HSK7-9,栽,2
HSK7-9,宰,2
HSK7-9,攒,2
HSK7-9,葬,2
HSK7-9,凿,2
HSK7-9,枣,2
HSK7-9,灶,2
HSK7-9,躁,2
HSK7-9,贼,2
HSK7-9,渣,2
HSK7-9,闸,2
HSK7-9,诈,2
HSK7-9,榨,2
HSK7-9,债,2
HSK7-9,沾,2
HSK7-9,斩,2
HSK7-9,盏,2
HSK7-9,绽,2
HSK7-9,蘸,2
HSK7-9,彰,2
HSK7-9,胀,2
HSK7-9,罩,2
HSK7-9,遮,2
HSK7-9,振,2
HSK7-9,蒸,2
HSK7-9,旨,2
HSK7-9,帜,2
HSK7-9,滞,2
HSK7-9,忠,2
HSK7-9,衷,2
HSK7-9,宙,2
HSK7-9,皱,2
HSK7-9,烛,2
HSK7-9,拄,2
HSK7-9,嘱,2
HSK7-9,驻,2
HSK7-9,拽,2
HSK7-9,撰,2
HSK7-9,桩,2
HSK7-9,坠,2
HSK7-9,卓,2
HSK7-9,兹,2
HSK7-9,滋,2
HSK7-9,籽,2
HSK7-9,宗,2
HSK7-9,纵,2
HSK7-9,揍,2
